id,song_id,platform_name,platform_url,views,likes,comments
1,1,YouTube,https://www.youtube.com/watch?v=H65rC1PC6P0,30955,4385,588
2,2,YouTube,https://www.youtube.com/watch?v=Fx6CyaiUQOg,29849,4155,627
3,3,YouTube,https://www.youtube.com/watch?v=G89t_2kynjc,35002,4586,618
4,4,YouTube,https://www.youtube.com/watch?v=TMwq7cwrN00,126722,11588,1380
5,5,YouTube,https://www.youtube.com/watch?v=ZaAvCBnKT2Y,226545,13574,1641
6,6,YouTube,https://www.youtube.com/watch?v=7htxUqzKvgk,33417,3838,504
7,7,YouTube,https://www.youtube.com/watch?v=1RM5cO1znfc,42537,4683,651
8,8,YouTube,https://www.youtube.com/watch?v=PuGvRDzqQEM,65555,6635,1043
9,9,YouTube,https://www.youtube.com/watch?v=jsWsKgie53o,62250,5421,789
10,10,YouTube,https://www.youtube.com/watch?v=rMx0QJ9bPhs,43794,6128,764
11,11,YouTube,https://www.youtube.com/watch?v=tCSMF8AJs5o,30090,2974,443
12,12,YouTube,https://www.youtube.com/watch?v=ATSdF7R6vBo,46699,3824,548
13,13,YouTube,https://www.youtube.com/watch?v=6RlUWND2h98,32784,3067,367
14,14,YouTube,https://www.youtube.com/watch?v=ASBRtaH4E_g,81948,4100,477
15,15,YouTube,https://www.youtube.com/watch?v=OI4Xv4AlEeQ,25928,2374,260
16,16,YouTube,https://www.youtube.com/watch?v=bwlrtfurKpI,35404,2860,400
17,17,YouTube,https://www.youtube.com/watch?v=AUvEdOiK8IM,34678,3270,492
18,18,YouTube,https://www.youtube.com/watch?v=Zu2Bf_fjToc,50643,4562,678
19,19,YouTube,https://www.youtube.com/watch?v=Wnx8lnWzYBk,34465,3477,437
20,20,YouTube,https://www.youtube.com/watch?v=KxXiCLFiHSI,60812,5559,709
21,21,YouTube,https://www.youtube.com/watch?v=8cZZTypsFjM,40210,4725,897
22,22,YouTube,https://www.youtube.com/watch?v=hzMFfj1uKy0,49125,5122,941
23,23,YouTube,https://www.youtube.com/watch?v=tcbbOIzRIUQ,90772,6602,1489
24,24,YouTube,https://www.youtube.com/watch?v=jLmD9P2zrvc,67173,5558,1012
25,25,YouTube,https://www.youtube.com/watch?v=CwGiLAU4fFw,55290,4694,592
26,26,YouTube,https://www.youtube.com/watch?v=a_D6VrkxFnQ,53619,4478,601
27,27,YouTube,https://www.youtube.com/watch?v=Fvh30wzfAsU,73165,6666,1393
28,28,YouTube,https://www.youtube.com/watch?v=oO6PP4sF5_w,109749,7924,1694
29,29,YouTube,https://www.youtube.com/watch?v=ZzvS6-a3kHs,238823,10959,2163
30,30,YouTube,https://www.youtube.com/watch?v=-cjGsEjlr2s,37969,2781,279
31,31,YouTube,https://www.youtube.com/watch?v=bBijqfNs6vA,22019,1997,267
32,32,YouTube,https://www.youtube.com/watch?v=xfEAVM_tY-0,31149,2244,287
33,33,YouTube,https://www.youtube.com/watch?v=c4xCxzjwzoQ,39015,3249,362
34,34,YouTube,https://www.youtube.com/watch?v=ClW9SwGKfWM,16309,1450,150
35,35,YouTube,https://www.youtube.com/watch?v=pynafWnJJSY,18013,1585,165
36,36,YouTube,https://www.youtube.com/watch?v=QbZljpzXaR8,21362,1816,192
37,37,YouTube,https://www.youtube.com/watch?v=8q6cK0k3-uw,33725,2740,339
38,38,YouTube,https://www.youtube.com/watch?v=cA7k-WCjsHs,28792,2159,298
39,39,YouTube,https://www.youtube.com/watch?v=860F2shYGMk,29582,2771,400
40,40,YouTube,https://www.youtube.com/watch?v=0v8A9m0IOPM,22456,2188,299
41,41,YouTube,https://www.youtube.com/watch?v=RpwJSoU6pb4,30013,2986,461
42,42,YouTube,https://www.youtube.com/watch?v=iaJIKj1xzdI,135215,10088,1059
43,43,YouTube,https://www.youtube.com/watch?v=d_68b-PeQ04,119826,7226,1043
44,44,YouTube,https://www.youtube.com/watch?v=wOtA1JNKFbc,37625,3626,564
45,45,YouTube,https://www.youtube.com/watch?v=lMvc5NvnHRQ,38684,3664,464
46,46,YouTube,https://www.youtube.com/watch?v=Az0Dg8EvsxY,70134,5744,893
47,47,YouTube,https://www.youtube.com/watch?v=lugpidFr2iU,74516,4891,831
48,48,YouTube,https://www.youtube.com/watch?v=lgJWzfLyNsU,64195,4606,761
49,49,YouTube,https://www.youtube.com/watch?v=r_35xRl1RMM,180691,10994,1950
50,50,YouTube,https://www.youtube.com/watch?v=YhPYNHX80DY,135449,7888,835
51,51,YouTube,https://www.youtube.com/watch?v=Ts7JxrkHUEE,76734,4382,718
52,52,YouTube,https://www.youtube.com/watch?v=HV_Ck-x2nAk,66690,5076,970
53,53,YouTube,https://www.youtube.com/watch?v=eMJpE0ESBf0,29732,2675,421
54,54,YouTube,https://www.youtube.com/watch?v=k2ZJvIRnoM0,188273,11623,1228
55,55,YouTube,https://www.youtube.com/watch?v=6_dGOg8Yr3w,46410,4362,709
56,56,YouTube,https://www.youtube.com/watch?v=_TmgznNmgEs,42890,3830,507
57,57,YouTube,https://www.youtube.com/watch?v=sgA9XUHC7Jg,71155,4514,666
58,58,YouTube,https://www.youtube.com/watch?v=_dPhsIlWwbo,105002,5282,895
59,59,YouTube,https://www.youtube.com/watch?v=vACYvqhZ32I,57611,3821,588
60,60,YouTube,https://www.youtube.com/watch?v=UePIPBGw2L4,51507,3597,424
61,61,YouTube,https://www.youtube.com/watch?v=Cl6WbG13oyk,46336,3291,396
62,62,YouTube,https://www.youtube.com/watch?v=oFFel_d8kZM,50922,3441,383
63,63,YouTube,https://www.youtube.com/watch?v=5a2PKBZnKso,69080,4378,461
64,64,YouTube,https://www.youtube.com/watch?v=FAQWyd_2s8M,44655,3013,333
65,65,YouTube,https://www.youtube.com/watch?v=VuJ8YBL8m_s,47413,3086,338
66,66,YouTube,https://www.youtube.com/watch?v=dEDHcFHF2dE,132303,4730,531
67,67,YouTube,https://www.youtube.com/watch?v=yBC_seMbEBk,55756,4053,559
68,68,YouTube,https://www.youtube.com/watch?v=C2adIV9kabM,58996,4355,611
69,69,YouTube,https://www.youtube.com/watch?v=IgHFFRylAGo,99335,6604,1126
70,70,YouTube,https://www.youtube.com/watch?v=ji5ITlCxsYc,191942,10227,825
71,71,YouTube,https://www.youtube.com/watch?v=AhgT7QzJxqE,992573,30523,2873
72,72,YouTube,https://www.youtube.com/watch?v=E1dyamPqPN4,802733,15397,1811
73,73,YouTube,https://www.youtube.com/watch?v=ZYxeXAikEHE,338137,16134,2411
74,74,YouTube,https://www.youtube.com/watch?v=lLGkgHai66E,2444232,37201,3763
75,75,YouTube,https://www.youtube.com/watch?v=Aq38sJGjVJM,169709,6735,645
76,76,YouTube,https://www.youtube.com/watch?v=JOJh7nBVg4k,2758001,42990,5629
77,77,YouTube,https://www.youtube.com/watch?v=L-5VJD8nUyg,58469,4038,468
78,78,YouTube,https://www.youtube.com/watch?v=b5HR7I--J_c,189832,9142,1095
79,79,YouTube,https://www.youtube.com/watch?v=oXJ0V1ZCVzo,35907,2804,388
80,80,YouTube,https://www.youtube.com/watch?v=udF6xhtT0v0,20145,1240,140
81,81,YouTube,https://www.youtube.com/watch?v=J1UULPDyiT0,48858,2187,290
82,82,YouTube,https://www.youtube.com/watch?v=Mqtk7F5mB5g,112173,7652,1223
83,83,YouTube,https://www.youtube.com/watch?v=avR7X9dWZOk,55856,4012,548
84,84,YouTube,https://www.youtube.com/watch?v=GzX62gORR7g,59015,3729,431
85,85,YouTube,https://www.youtube.com/watch?v=sCvf1-DFL50,66101,5297,855
86,86,YouTube,https://www.youtube.com/watch?v=Ruft7T9zi_0,39676,3742,545
87,87,YouTube,https://www.youtube.com/watch?v=YBLA7oGF5ME,238112,7450,1029
88,88,YouTube,https://www.youtube.com/watch?v=n7GCgIQFJtE,143328,5617,778
89,89,YouTube,https://www.youtube.com/watch?v=GE_V1QBGkTc,241373,10378,2401
90,90,YouTube,https://www.youtube.com/watch?v=7542SXJI2E8,42834,2906,381
91,91,YouTube,https://www.youtube.com/watch?v=QFrN-FbFbh4,52559,2923,295
92,92,YouTube,https://www.youtube.com/watch?v=3PApTvvG7f0,45640,2542,291
93,93,YouTube,https://www.youtube.com/watch?v=RYck4pV_BN0,75314,5613,857
94,94,YouTube,https://www.youtube.com/watch?v=3xPmlym6_7k,39716,3031,402
95,95,YouTube,https://www.youtube.com/watch?v=OVenndOCkCw,127401,4292,658
96,96,YouTube,https://www.youtube.com/watch?v=9jSR_muyNjo,885150,17107,1868
97,97,YouTube,https://www.youtube.com/watch?v=tLhkfTa-AOo,110738,6754,1017
98,98,YouTube,https://www.youtube.com/watch?v=SrhZikJUz4k,91522,3948,380
99,99,YouTube,https://www.youtube.com/watch?v=CRnefmmWVaE,68525,4287,529
100,100,YouTube,https://www.youtube.com/watch?v=ShSUektDEJE,81457,4474,420
101,101,YouTube,https://www.youtube.com/watch?v=SPPxUWzrFJY,103760,6381,840
102,102,YouTube,https://www.youtube.com/watch?v=z2yMhQ4959I,61286,3977,465
103,103,YouTube,https://www.youtube.com/watch?v=45OAkUByuxg,83654,4724,643
104,104,YouTube,https://www.youtube.com/watch?v=F4PNHREHQhA,229226,7496,1091
105,105,YouTube,https://www.youtube.com/watch?v=ABWvALmg69k,99876,6381,807
106,106,YouTube,https://www.youtube.com/watch?v=6TaRu_D0fHQ,73145,4784,659
107,107,YouTube,https://www.youtube.com/watch?v=Epf50u18vG0,387949,10640,939
108,108,YouTube,https://www.youtube.com/watch?v=xNEj0zb8A6k,73255,4443,521
109,109,YouTube,https://www.youtube.com/watch?v=2NAuSb_EcGA,97088,4874,685
110,110,YouTube,https://www.youtube.com/watch?v=MkNvaubb4oU,89901,8365,1429
111,111,YouTube,https://www.youtube.com/watch?v=QM0ORT0UWOU,428658,13932,2642
112,112,YouTube,https://www.youtube.com/watch?v=RBxz794_YE8,1445454,33765,4815
113,113,YouTube,https://www.youtube.com/watch?v=1xGWgvUTYb0,309261,11883,1411
114,114,YouTube,https://www.youtube.com/watch?v=tLwcxU5c7vE,179577,7747,1028
115,115,YouTube,https://www.youtube.com/watch?v=avtT5mqA7rc,818875,13843,1649
116,116,YouTube,https://www.youtube.com/watch?v=qKbbj9B1JNY,1860040,37240,4055
117,117,YouTube,https://www.youtube.com/watch?v=IskSr5Qxhuk,713750,24221,6620
118,118,YouTube,https://www.youtube.com/watch?v=RU6vwg69VHI,160487,5914,589
119,119,YouTube,https://www.youtube.com/watch?v=_FmoPiNOlj8,204437,9342,1440
120,120,YouTube,https://www.youtube.com/watch?v=sa8ccKGDZss,90669,5207,651
121,121,YouTube,https://www.youtube.com/watch?v=0XsGRNovYR0,94747,5799,574
122,122,YouTube,https://www.youtube.com/watch?v=JZ3_dB8PbHI,49072,5935,239
123,123,YouTube,https://www.youtube.com/watch?v=R90uhFoJmaY,166688,5750,748
124,124,YouTube,https://www.youtube.com/watch?v=gNjoqDs6QPs,165188,4919,623
125,125,YouTube,https://www.youtube.com/watch?v=9_LYsGqaEgw,125272,4046,469
126,126,YouTube,https://www.youtube.com/watch?v=WRrmrnXGsfM,104617,2121,250
127,127,YouTube,https://www.youtube.com/watch?v=3G9iFykeF0U,130989,5177,616
128,128,YouTube,https://www.youtube.com/watch?v=2OfztWnM8RM,113032,3841,516
129,129,YouTube,https://www.youtube.com/watch?v=E8b7a6ii19o,228940,4733,563
130,130,YouTube,https://www.youtube.com/watch?v=k6VXnlmPZx4,201135,5194,635
131,131,YouTube,https://www.youtube.com/watch?v=GjndVMgdcww,305476,6959,1036
132,132,YouTube,https://www.youtube.com/watch?v=E3xv6yBexFU,83652,1719,202
133,133,YouTube,https://www.youtube.com/watch?v=ceY237ojE1g,90109,2082,221
134,134,YouTube,https://www.youtube.com/watch?v=rg3hYejIpNA,149940,2486,298
135,135,YouTube,https://www.youtube.com/watch?v=gCtHyE1Mst4,129541,3838,515
136,136,YouTube,https://www.youtube.com/watch?v=GI6ja5Sv1U0,276532,6080,723
137,137,YouTube,https://www.youtube.com/watch?v=iCl0VZOfHVo,614492,18325,2750
138,138,YouTube,https://www.youtube.com/watch?v=0woQYGkmGY8,359713,13739,1614
139,139,YouTube,https://www.youtube.com/watch?v=wFQ_iJGI75Q,129810,8584,1175
140,140,YouTube,https://www.youtube.com/watch?v=uvuGnUam5pY,208303,8482,1215
141,141,YouTube,https://www.youtube.com/watch?v=B56NkfxbeaU,3700723,49419,4667
142,142,YouTube,https://www.youtube.com/watch?v=VLQQqLPm84E,340451,16133,1590
143,143,YouTube,https://www.youtube.com/watch?v=hUfsKHAGDJA,1625700,26037,2176
144,144,YouTube,https://www.youtube.com/watch?v=RFeKmgGWjNw,195645,7903,1274
145,145,YouTube,https://www.youtube.com/watch?v=PdvwipjfrSk,106299,5687,714
146,146,YouTube,https://www.youtube.com/watch?v=eBnQDoIMPnU,301173,11495,1127
147,147,YouTube,https://www.youtube.com/watch?v=CljLFsFBDbs,76580,5026,512
148,148,YouTube,https://www.youtube.com/watch?v=tr-iGAdYnJE,77560,5567,692
149,149,YouTube,https://www.youtube.com/watch?v=MRCX1pjWxeY,202072,7792,1064
150,150,YouTube,https://www.youtube.com/watch?v=2l1vPZX6yu8,3034809,42303,2881
151,151,YouTube,https://www.youtube.com/watch?v=ZPJ9ey1bvDg,279181,9822,1369
152,152,YouTube,https://www.youtube.com/watch?v=HvQrvYqFTt8,209804,8529,840
153,153,YouTube,https://www.youtube.com/watch?v=grg764eQfK8,221567,9658,1266
154,154,YouTube,https://www.youtube.com/watch?v=1NhSRaRexCU,140623,5260,631
155,155,YouTube,https://www.youtube.com/watch?v=clqPCNxjvNQ,64371,4242,389
156,156,YouTube,https://www.youtube.com/watch?v=PlN2srbwZpM,121906,4657,502
157,157,YouTube,https://www.youtube.com/watch?v=qyuIE4LeE4w,116384,3923,424
158,158,YouTube,https://www.youtube.com/watch?v=eViRtP4wkMc,80219,4295,456
159,159,YouTube,https://www.youtube.com/watch?v=zCxkiNEgIcY,253446,6039,525
160,160,YouTube,https://www.youtube.com/watch?v=5uDVFDfWido,123981,4284,570
161,161,YouTube,https://www.youtube.com/watch?v=BKK4ZKq9nFw,114814,5298,723
162,162,YouTube,https://www.youtube.com/watch?v=FgJTbS1k5dk,108417,4450,420
163,163,YouTube,https://www.youtube.com/watch?v=yCFRFchUD0g,91976,3704,442
164,164,YouTube,https://www.youtube.com/watch?v=5goeqraGqi8,145745,4479,486
165,165,YouTube,https://www.youtube.com/watch?v=nw2lJPfcD-M,1137817,17774,1420
166,166,YouTube,https://www.youtube.com/watch?v=hgfbKXbUkLo,78424,4350,557
167,167,YouTube,https://www.youtube.com/watch?v=yge4ajaxWns,321311,7345,873
168,168,YouTube,https://www.youtube.com/watch?v=C8fgvKORULc,71694,5080,553
169,169,YouTube,https://www.youtube.com/watch?v=plO0v7lJjvM,177774,7747,943
170,170,YouTube,https://www.youtube.com/watch?v=1yBkWpzFB7g,431288,14707,1525
171,171,YouTube,https://www.youtube.com/watch?v=4TXeGu_pj5o,419660,7595,1067
172,172,YouTube,https://www.youtube.com/watch?v=y2rvaD47Vyk,89097,5125,552
173,173,YouTube,https://www.youtube.com/watch?v=BGxphPXOtNY,119206,5074,867
174,174,YouTube,https://www.youtube.com/watch?v=j7NmX22Avco,127489,6462,831
175,175,YouTube,https://www.youtube.com/watch?v=-B9r-sqe3Dc,105095,5657,807
176,176,YouTube,https://www.youtube.com/watch?v=F-5SbpZ_6B4,13006,1020,84
177,177,YouTube,https://www.youtube.com/watch?v=9OqAm7KRK1I,12540,980,41
178,178,YouTube,https://www.youtube.com/watch?v=dUdOxlYtrfQ,18551,2173,89
179,179,YouTube,https://www.youtube.com/watch?v=DLgdRL504xw,68570,4356,598
180,180,YouTube,https://www.youtube.com/watch?v=kBOMfqBtvcg,102221,4712,702
181,181,YouTube,https://www.youtube.com/watch?v=r4ce2gX2Fy0,81950,4266,506
182,182,YouTube,https://www.youtube.com/watch?v=MRRyX-mIrsw,79452,3411,331
183,183,YouTube,https://www.youtube.com/watch?v=77_q_aXiPGE,121161,4253,493
184,184,YouTube,https://www.youtube.com/watch?v=ZF6qb62pTlo,80721,4504,475
185,185,YouTube,https://www.youtube.com/watch?v=rPHz-pSJN9Y,88462,4582,812
186,186,YouTube,https://www.youtube.com/watch?v=UPHHPI5ZPdk,49945,3293,422
187,187,YouTube,https://www.youtube.com/watch?v=g8togSnPy4A,68245,4999,680
188,188,YouTube,https://www.youtube.com/watch?v=Y0ggkGARrPo,153295,8394,1043
189,189,YouTube,https://www.youtube.com/watch?v=Q9rKXtPOsYA,550497,15028,1949
190,190,YouTube,https://www.youtube.com/watch?v=QIWx1DkzQZs,374139,11217,1031
191,191,YouTube,https://www.youtube.com/watch?v=2Xh2jovTqVc,647006,17139,1807
192,192,YouTube,https://www.youtube.com/watch?v=Qp3MhStUHTw,304081,11201,1362
193,193,YouTube,https://www.youtube.com/watch?v=GildpBTxFSM,83916,3415,394
194,194,YouTube,https://www.youtube.com/watch?v=O00rmvQkC98,126700,4069,568
195,195,YouTube,https://www.youtube.com/watch?v=2fFb2ye53tk,51671,2753,340
196,196,YouTube,https://www.youtube.com/watch?v=7DJgDqtdfyc,55866,2618,277
197,197,YouTube,https://www.youtube.com/watch?v=-MvwvDruh2I,95809,3948,476
198,198,YouTube,https://www.youtube.com/watch?v=tAvWPKG7-pE,56978,2574,278
199,199,YouTube,https://www.youtube.com/watch?v=Wi6So5AE2OI,68266,3766,431
200,200,YouTube,https://www.youtube.com/watch?v=pHiv5ohq1eg,79190,3049,344
201,201,YouTube,https://www.youtube.com/watch?v=gxZUEv1fbzQ,76865,3536,402
202,202,YouTube,https://www.youtube.com/watch?v=pMczrcGtFt4,38008,2777,176
203,203,YouTube,https://www.youtube.com/watch?v=c1Zxg9mfsIc,392363,14668,2006
204,204,YouTube,https://www.youtube.com/watch?v=JdHAjIlQbOg,45512,3049,409
205,205,YouTube,https://www.youtube.com/watch?v=hk3GMZFiMkQ,305238,6822,769
206,206,YouTube,https://www.youtube.com/watch?v=c5Y8co9XSQM,119045,5672,781
207,207,YouTube,https://www.youtube.com/watch?v=ObqGHkoTuUw,54164,3632,518
208,208,YouTube,https://www.youtube.com/watch?v=PmJ5kbcUeCk,45280,3322,482
209,209,YouTube,https://www.youtube.com/watch?v=kMda0tgxiD0,66193,4059,519
210,210,YouTube,https://www.youtube.com/watch?v=2lCTj5dQTVM,162793,7297,821
211,211,YouTube,https://www.youtube.com/watch?v=jZQBP7aK7yA,53015,3815,453
212,212,YouTube,https://www.youtube.com/watch?v=P_zzzbdOyVg,59495,3971,438
213,213,YouTube,https://www.youtube.com/watch?v=jRym2QGGvtI,74491,4531,636
214,214,YouTube,https://www.youtube.com/watch?v=jpjL4ua4Sk8,76889,4656,746
215,215,YouTube,https://www.youtube.com/watch?v=tI8w2HkvuK0,364501,13012,1722
216,216,YouTube,https://www.youtube.com/watch?v=O-jtsm5kpWk,108663,4524,630
217,217,YouTube,https://www.youtube.com/watch?v=FUUuMltIhXE,66551,4325,586
218,218,YouTube,https://www.youtube.com/watch?v=etgAIUFa3cE,126082,5646,630
219,219,YouTube,https://www.youtube.com/watch?v=SrsKN2Pp0NI,273938,11725,1246
220,220,YouTube,https://www.youtube.com/watch?v=5tXyF12ZalA,87310,4197,366
221,221,YouTube,https://www.youtube.com/watch?v=IaAfNw6mkso,69211,4618,602
222,222,YouTube,https://www.youtube.com/watch?v=huSXVMIfsD8,56173,3274,275
223,223,YouTube,https://www.youtube.com/watch?v=5BfoawaaARc,108472,5332,598
224,224,YouTube,https://www.youtube.com/watch?v=DYTFx5vZ8yM,118163,4442,542
225,225,YouTube,https://www.youtube.com/watch?v=MPN6u4fbEfo,117979,6333,823
226,226,YouTube,https://www.youtube.com/watch?v=JTyp9niijy4,21948,1709,127
227,227,YouTube,https://www.youtube.com/watch?v=6XKgz4BSCn0,379379,17960,4319
228,228,YouTube,https://www.youtube.com/watch?v=MmO_66WbLMM,60485,5637,597
229,229,YouTube,https://www.youtube.com/watch?v=RDpGXrMGXBE,61865,4965,403
230,230,YouTube,https://www.youtube.com/watch?v=HWsUaUPSaxo,89625,5792,553
231,231,YouTube,https://www.youtube.com/watch?v=rT7VnoTKAJY,41946,2560,166
232,232,YouTube,https://www.youtube.com/watch?v=nP_WzVQCx3A,40326,2297,199
233,233,YouTube,https://www.youtube.com/watch?v=0P820Gcokhg,29317,1811,160
234,234,YouTube,https://www.youtube.com/watch?v=ciQN_mjb8Tw,25796,1966,125
235,235,YouTube,https://www.youtube.com/watch?v=gObjgBTcWGw,24900,1880,165
236,236,YouTube,https://www.youtube.com/watch?v=Vt6GpoPmSs0,49354,2603,207
237,237,YouTube,https://www.youtube.com/watch?v=baW6FxIbgCg,57209,2839,345
238,238,YouTube,https://www.youtube.com/watch?v=DlX3NNVObh8,25428,1876,152
239,239,YouTube,https://www.youtube.com/watch?v=c__TnQb9f5I,35165,2842,324
240,240,YouTube,https://www.youtube.com/watch?v=DyBAfTUIkyQ,19390,1793,173
241,241,YouTube,https://www.youtube.com/watch?v=AMmp1fRB__k,59277,3573,443
242,242,YouTube,https://www.youtube.com/watch?v=hbekw-IywZk,89524,6221,867
243,243,YouTube,https://www.youtube.com/watch?v=y0ej6jyEa_w,216838,7815,876
244,244,YouTube,https://www.youtube.com/watch?v=MA9z0p6SwoQ,98599,6435,851
245,245,YouTube,https://www.youtube.com/watch?v=17DiB6_i18M,174002,7846,926
246,246,YouTube,https://www.youtube.com/watch?v=ytS8v5vKlpM,496866,11300,1041
247,247,YouTube,https://www.youtube.com/watch?v=EejQpsFDvDk,119556,6860,1033
248,248,YouTube,https://www.youtube.com/watch?v=svWIru5Z6-k,172074,8230,929
249,249,YouTube,https://www.youtube.com/watch?v=IGPpYlFPZyg,355424,9474,1103
250,250,YouTube,https://www.youtube.com/watch?v=eWsWgfJXDwI,160726,8839,1151
251,251,YouTube,https://www.youtube.com/watch?v=UgPjpvdpHW4,302805,11025,1167
252,252,YouTube,https://www.youtube.com/watch?v=vhgWhaWJTi0,174905,7823,788
253,253,YouTube,https://www.youtube.com/watch?v=mIWtvZt-keI,193351,10623,1046
254,254,YouTube,https://www.youtube.com/watch?v=8v5KcjxHRss,1310498,29545,2432
255,255,YouTube,https://www.youtube.com/watch?v=3w0Wtv8NCSg,672199,16222,1083
256,256,YouTube,https://www.youtube.com/watch?v=WMRfgQf6q7s,26549521,200863,18724
257,257,YouTube,https://www.youtube.com/watch?v=B447HCN6-jc,46781,3849,207
258,258,YouTube,https://www.youtube.com/watch?v=5uCsfuaFrsw,426995,15865,1551
259,259,YouTube,https://www.youtube.com/watch?v=SeCmnHhCP74,904824,16719,1847
260,260,YouTube,https://www.youtube.com/watch?v=va-Of5DU8Os,260695,8682,504
261,261,YouTube,https://www.youtube.com/watch?v=oRpVByLdUVo,2014144,30729,2332
262,262,YouTube,https://www.youtube.com/watch?v=PwuVwmm2y2E,56386,3574,447
263,263,YouTube,https://www.youtube.com/watch?v=94OJtx1XACU,69871,3780,366
264,264,YouTube,https://www.youtube.com/watch?v=-wqzd4wHKtU,41482,2609,247
265,265,YouTube,https://www.youtube.com/watch?v=Ubw-QmenB_Y,47542,3321,381
266,266,YouTube,https://www.youtube.com/watch?v=njcQWyrOlzU,102157,5327,683
267,267,YouTube,https://www.youtube.com/watch?v=gXj-V8C215k,38956,3049,425
268,268,YouTube,https://www.youtube.com/watch?v=9pNyeOTE-9U,97667,5121,854
269,269,YouTube,https://www.youtube.com/watch?v=6TSCEWBNl-c,875252,15609,981
270,270,YouTube,https://www.youtube.com/watch?v=A3NbOMOivkY,54075,3393,424
271,271,YouTube,https://www.youtube.com/watch?v=6_tTfh1bqPc,102752,5493,721
272,272,YouTube,https://www.youtube.com/watch?v=j7cRF64QXE4,69076,4112,389
273,273,YouTube,https://www.youtube.com/watch?v=PqMGMwti6pw,34413,1853,133
274,274,YouTube,https://www.youtube.com/watch?v=3lCgm4fjdHY,363181,7995,952
275,275,YouTube,https://www.youtube.com/watch?v=VzQSlnbAQhk,174877,6128,818
276,276,YouTube,https://www.youtube.com/watch?v=2ddXZvdpGrc,126781,6669,1276
277,277,YouTube,https://www.youtube.com/watch?v=Nrcp2tXO9WQ,386132,11264,747
278,278,YouTube,https://www.youtube.com/watch?v=uvHW1TWkn9Q,111523,5241,279
279,279,YouTube,https://www.youtube.com/watch?v=LomAlGfpB6c,217393,7719,566
280,280,YouTube,https://www.youtube.com/watch?v=x-OrZOQhFVE,78536,4757,325
281,281,YouTube,https://www.youtube.com/watch?v=zsKN05ELUzY,69282,3434,285
282,282,YouTube,https://www.youtube.com/watch?v=Jet-2aXw8MM,69196,3517,299
283,283,YouTube,https://www.youtube.com/watch?v=jhTJN3AyLKo,93908,4210,413
284,284,YouTube,https://www.youtube.com/watch?v=Pfe7kOE6R3Y,118071,5116,473
285,285,YouTube,https://www.youtube.com/watch?v=eSeWWfH-ULA,102200,4776,494
286,286,YouTube,https://www.youtube.com/watch?v=UiGuDC6KkqE,107684,5386,620
287,287,YouTube,https://www.youtube.com/watch?v=BiQxlGbGK60,791146,17705,2200
288,288,YouTube,https://www.youtube.com/watch?v=My6-jwhMvps,63876,3368,676
289,289,YouTube,https://www.youtube.com/watch?v=QBfvSKu6aOU,364034,11617,1216
290,290,YouTube,https://www.youtube.com/watch?v=71JbP4EcNtE,118211,4781,698
291,291,YouTube,https://www.youtube.com/watch?v=UK9_cdb1O9E,180750,4917,523
292,292,YouTube,https://www.youtube.com/watch?v=lTCkayO3YNE,55855,3257,496
293,293,YouTube,https://www.youtube.com/watch?v=zE99njOURqc,968754,17219,1202
294,294,YouTube,https://www.youtube.com/watch?v=13Mvf1H4By8,396226,11441,1180
295,295,YouTube,https://www.youtube.com/watch?v=HbrVo68mT3A,38945,2736,351
296,296,YouTube,https://www.youtube.com/watch?v=DSme85Zm_Fg,39608,2819,225
297,297,YouTube,https://www.youtube.com/watch?v=IFYFHyJF8-I,46514,3043,426
298,298,YouTube,https://www.youtube.com/watch?v=R5G2AjrIVRo,35550,2513,277
299,299,YouTube,https://www.youtube.com/watch?v=7l46MzUBkeI,48274,3151,362
300,300,YouTube,https://www.youtube.com/watch?v=cexyMxCHiDg,63551,3077,327
301,301,YouTube,https://www.youtube.com/watch?v=Pqx-LxXkDug,277210,10095,969
302,302,YouTube,https://www.youtube.com/watch?v=f5KFGK_xGbU,277268,10615,1147
303,303,YouTube,https://www.youtube.com/watch?v=wDmvHb34A60,48089,3103,379
304,304,YouTube,https://www.youtube.com/watch?v=hbIeknVmCYE,43888,2819,270
305,305,YouTube,https://www.youtube.com/watch?v=eQz0J3i2ybo,68159,3283,444
306,306,YouTube,https://www.youtube.com/watch?v=0TiDhnr9vpw,41436,2578,331
307,307,YouTube,https://www.youtube.com/watch?v=DHSGWgtUikc,44105,2986,395
308,308,YouTube,https://www.youtube.com/watch?v=-7fSm6CnU9Y,44590,2851,432
309,309,YouTube,https://www.youtube.com/watch?v=DttkK2ub67k,41237,2469,212
310,310,YouTube,https://www.youtube.com/watch?v=ufaBewpq02Q,50623,3083,398
311,311,YouTube,https://www.youtube.com/watch?v=ynGj5v37sSg,33059,2353,185
312,312,YouTube,https://www.youtube.com/watch?v=yhFwwmNbOaw,21749,1976,221
313,313,YouTube,https://www.youtube.com/watch?v=QDklRpis6xI,56793,3091,363
314,314,YouTube,https://www.youtube.com/watch?v=cHNktg9iXjU,67561,4180,651
315,315,YouTube,https://www.youtube.com/watch?v=bAxtgfq6jFc,40997,3119,472
316,316,YouTube,https://www.youtube.com/watch?v=aaoezKbmkok,52523,3472,495
317,317,YouTube,https://www.youtube.com/watch?v=8ieOSoqbEss,1045934,23150,3717
318,318,YouTube,https://www.youtube.com/watch?v=ulVmrdn4fzU,85541,3739,759
319,319,YouTube,https://www.youtube.com/watch?v=fYnUA3v0c50,42314,2343,336
320,320,YouTube,https://www.youtube.com/watch?v=CCjM6wi4F6U,62304,3027,400
321,321,YouTube,https://www.youtube.com/watch?v=J5oF3vTsihA,135498,4938,1163
322,322,YouTube,https://www.youtube.com/watch?v=fSOdOlI_pUI,58407,3146,413
323,323,YouTube,https://www.youtube.com/watch?v=7fUwukMCwxs,70784,3457,475
324,324,YouTube,https://www.youtube.com/watch?v=APr11IVga1U,77656,3846,542
325,325,YouTube,https://www.youtube.com/watch?v=UtV0uYjp8sM,305125,10479,1140
326,326,YouTube,https://www.youtube.com/watch?v=cvXnJaJSdxM,83687,4347,522
327,327,YouTube,https://www.youtube.com/watch?v=STT2gdx3aBE,79853,3849,451
328,328,YouTube,https://www.youtube.com/watch?v=0Kdp-PR7gW4,188280,7829,1472
329,329,YouTube,https://www.youtube.com/watch?v=XcncVsoY560,180857,9150,721
330,330,YouTube,https://www.youtube.com/watch?v=Yz3PUGWR4LI,70165,4733,673
331,331,YouTube,https://www.youtube.com/watch?v=8FJgrHB0he4,95820,4379,773
332,332,YouTube,https://www.youtube.com/watch?v=ovR4QBxEqmA,326310,8772,1348
333,333,YouTube,https://www.youtube.com/watch?v=TdZM-ztHPTs,184446,7927,777
334,334,YouTube,https://www.youtube.com/watch?v=HUU-PBk0Eck,957817,19746,2060
335,335,YouTube,https://www.youtube.com/watch?v=5wSSfHgTLAM,215899,11848,1368
336,336,YouTube,https://www.youtube.com/watch?v=MJAG22jze2I,120941,4616,516
337,337,YouTube,https://www.youtube.com/watch?v=ZNsknkzDJac,34911,2864,307
338,338,YouTube,https://www.youtube.com/watch?v=0K6UPjXHif8,73882,4680,555
339,339,YouTube,https://www.youtube.com/watch?v=eDXmpz6WOpM,479484,19194,2452
340,340,YouTube,https://www.youtube.com/watch?v=Ccen2aH5rv4,338016,11555,1271
341,341,YouTube,https://www.youtube.com/watch?v=_Gt6Yya_NQ4,115316,7051,531
342,342,YouTube,https://www.youtube.com/watch?v=5puDfoSsJx0,83728,5014,582
343,343,YouTube,https://www.youtube.com/watch?v=yB6Ce4zbuzs,118844,5688,910
344,344,YouTube,https://www.youtube.com/watch?v=K-Z2bg3lg9o,152226,7373,977
345,345,YouTube,https://www.youtube.com/watch?v=lDwVchRZwzc,238478,9620,803
346,346,YouTube,https://www.youtube.com/watch?v=MpsBg72DFQs,189312,7711,1384
347,347,YouTube,https://www.youtube.com/watch?v=XHYE7hp6faA,54727,3429,490
348,348,YouTube,https://www.youtube.com/watch?v=VH9WO4qiq4A,66068,4260,663
349,349,YouTube,https://www.youtube.com/watch?v=pQh8iOtVqMM,112819,5848,991
350,350,YouTube,https://www.youtube.com/watch?v=Uf4vffGub-w,766151,18001,1418
351,351,YouTube,https://www.youtube.com/watch?v=CX6QjAk2HDM,121288,6343,948
352,352,YouTube,https://www.youtube.com/watch?v=v0-RTMu2meg,74979,5317,832
353,353,YouTube,https://www.youtube.com/watch?v=_pmXldEDJ0k,174522,6168,495
354,354,YouTube,https://www.youtube.com/watch?v=E28ApsMBxAo,626861,18304,1607
355,355,YouTube,https://www.youtube.com/watch?v=tfg5b2LRRxg,348958,13884,1267
356,356,YouTube,https://www.youtube.com/watch?v=xqugwfEIcAQ,552776,13979,1069
357,357,YouTube,https://www.youtube.com/watch?v=rFEX9wmdbdE,2637385,46500,5269
358,358,YouTube,https://www.youtube.com/watch?v=vAN6Rzqmiwo,4579296,68882,5334
359,359,YouTube,https://www.youtube.com/watch?v=ssJiuZmv6lg,55197,2948,305
360,360,YouTube,https://www.youtube.com/watch?v=51hHrLsZg6o,71033,4435,556
361,361,YouTube,https://www.youtube.com/watch?v=3ffKZK8n1oo,2243155,41222,4038
362,362,YouTube,https://www.youtube.com/watch?v=Xp2uRSbJQp0,538610,10978,1187
363,363,YouTube,https://www.youtube.com/watch?v=lFvHRHpVFlc,107288,6338,649
364,364,YouTube,https://www.youtube.com/watch?v=U3g7N1FLqQY,67756,3190,365
365,365,YouTube,https://www.youtube.com/watch?v=M1KfjYc3Axw,49558,3407,401
366,366,YouTube,https://www.youtube.com/watch?v=hxEnGO2L1qA,36441,3012,357
367,367,YouTube,https://www.youtube.com/watch?v=ixtTQUWm_a8,131945,5046,686
368,368,YouTube,https://www.youtube.com/watch?v=1JHaHwQwmFM,50482,3621,496
369,369,YouTube,https://www.youtube.com/watch?v=iHlLzY6hTVw,49661,3693,578
370,370,YouTube,https://www.youtube.com/watch?v=gkD5Tf0YLlU,135718,5434,702
371,371,YouTube,https://www.youtube.com/watch?v=Jna5C1Z3ccw,654310,24288,2000
372,372,YouTube,https://www.youtube.com/watch?v=2XjgPfH-O-w,49537,3401,292
373,373,YouTube,https://www.youtube.com/watch?v=ijnbYQQsj6Y,75438,4809,823
374,374,YouTube,https://www.youtube.com/watch?v=0BnTWQ4eMiU,130537,6507,880
375,375,YouTube,https://www.youtube.com/watch?v=xleNXe5D33E,145921,6978,1213
376,376,YouTube,https://www.youtube.com/watch?v=6pEwPdNSmcs,84092,5576,852
377,377,YouTube,https://www.youtube.com/watch?v=LjpWzgPgGuc,98200,6215,924
378,378,YouTube,https://www.youtube.com/watch?v=NE6taFPAvcw,168952,8701,982
379,379,YouTube,https://www.youtube.com/watch?v=8il2ID62230,179649,7521,1048
380,380,YouTube,https://www.youtube.com/watch?v=aT8_vs3jgQk,123663,5516,754
381,381,YouTube,https://www.youtube.com/watch?v=VlhfCiQmFYs,96440,4751,534
382,382,YouTube,https://www.youtube.com/watch?v=vmshPLRkh2A,287929,9017,931
383,383,YouTube,https://www.youtube.com/watch?v=Ytj6Ebmn-w0,109005,5304,563
384,384,YouTube,https://www.youtube.com/watch?v=VqUMBygSsvE,71229,3178,380
385,385,YouTube,https://www.youtube.com/watch?v=ee-VQbLb8rA,69113,4201,0
386,386,YouTube,https://www.youtube.com/watch?v=aiFq3Kr6NAE,236365,9914,908
387,387,YouTube,https://www.youtube.com/watch?v=k2Ji9lnaQXQ,66294,4217,679
388,388,YouTube,https://www.youtube.com/watch?v=x0FlSeir0dQ,882075,20161,2507
389,389,YouTube,https://www.youtube.com/watch?v=fGGJxAUfCLA,169515,7323,859
390,390,YouTube,https://www.youtube.com/watch?v=eRFqPM1dXfA,102973,4711,918
391,391,YouTube,https://www.youtube.com/watch?v=HgJVI9PLWls,71912,3915,577
392,392,YouTube,https://www.youtube.com/watch?v=qg0Lt-MW7No,59570,3131,473
393,393,YouTube,https://www.youtube.com/watch?v=q3YjqWJkdmQ,76920,3808,478
394,394,YouTube,https://www.youtube.com/watch?v=QoI83AFDrNs,82341,3771,608
395,395,YouTube,https://www.youtube.com/watch?v=Kvela07pYDg,158880,6515,809
396,396,YouTube,https://www.youtube.com/watch?v=1MntvNfvPSE,101100,3987,338
397,397,YouTube,https://www.youtube.com/watch?v=Od_BWrMVsVg,92463,3904,345
398,398,YouTube,https://www.youtube.com/watch?v=hkXffvPxQzY,114998,3860,325
399,399,YouTube,https://www.youtube.com/watch?v=rOj2z_qzi-o,49387,2589,253
400,400,YouTube,https://www.youtube.com/watch?v=wzt40fMCRXQ,67390,3729,398
401,401,YouTube,https://www.youtube.com/watch?v=RNlH5JVBKyk,83916,3073,256
402,402,YouTube,https://www.youtube.com/watch?v=vlFdD8zsw_M,58919,3051,300
403,403,YouTube,https://www.youtube.com/watch?v=E0D_9myiJAE,76427,3885,575
404,404,YouTube,https://www.youtube.com/watch?v=_nAdp_FlCMc,97748,4088,324
405,405,YouTube,https://www.youtube.com/watch?v=Q6cVCv8F-JY,63311,3214,211
406,406,YouTube,https://www.youtube.com/watch?v=S_ZOVODSbZg,31824,2470,266
407,407,YouTube,https://www.youtube.com/watch?v=4FmqDo-bpmg,144727,4458,424
408,408,YouTube,https://www.youtube.com/watch?v=DttrAodr7QU,90562,3750,479
409,409,YouTube,https://www.youtube.com/watch?v=2gQwa5m6is8,80176,3508,570
410,410,YouTube,https://www.youtube.com/watch?v=a5p4QOAFU9Q,506904,11910,1041
411,411,YouTube,https://www.youtube.com/watch?v=Nx3xMk50dfg,286132,6706,1869
412,412,YouTube,https://www.youtube.com/watch?v=BmMeBYPyNUE,92575,4048,445
413,413,YouTube,https://www.youtube.com/watch?v=wBz7qKFLpLA,23560,1350,51
414,414,YouTube,https://www.youtube.com/watch?v=n7jyiEA2GcY,285211,8191,577
415,415,YouTube,https://www.youtube.com/watch?v=Tn1Q-HPYrps,68625,3045,338
416,416,YouTube,https://www.youtube.com/watch?v=IjShAeR06nY,61770,2518,181
417,417,YouTube,https://www.youtube.com/watch?v=dsRbC7d-0kk,19162,1054,119
418,418,YouTube,https://www.youtube.com/watch?v=JC0F6vXCc2Y,103210,4609,452
419,419,YouTube,https://www.youtube.com/watch?v=tf-aJebQRnI,105025,3830,360
420,420,YouTube,https://www.youtube.com/watch?v=aGrr2yjOvmo,450234,14087,1391
421,421,YouTube,https://www.youtube.com/watch?v=MPLrMfx87ok,982150,18345,1685
422,422,YouTube,https://www.youtube.com/watch?v=VMoNWc8uqgQ,71476,3389,302
423,423,YouTube,https://www.youtube.com/watch?v=qSI6jKLhA3o,1216196,21302,1547
424,424,YouTube,https://www.youtube.com/watch?v=xgAjCMxK9Vo,100687,3508,364
425,425,YouTube,https://www.youtube.com/watch?v=mOTEGqfg33c,49261,2258,213
426,426,YouTube,https://www.youtube.com/watch?v=MVWgxgQxjP0,56205,2689,307
427,427,YouTube,https://www.youtube.com/watch?v=Ppkswqlk2Uw,62602,2313,310
428,428,YouTube,https://www.youtube.com/watch?v=r_thS61JVIw,3008167,29227,2227
429,429,YouTube,https://www.youtube.com/watch?v=El-w7O5Z6UE,2654394,28967,1884
430,430,YouTube,https://www.youtube.com/watch?v=2GxjoACMZm0,47121,2044,187
431,431,YouTube,https://www.youtube.com/watch?v=oW7FSkgL9PU,102306,3376,420
432,432,YouTube,https://www.youtube.com/watch?v=7STx827y4qw,30693,1742,234
433,433,YouTube,https://www.youtube.com/watch?v=zw5ekmXgNLU,17171,794,68
434,434,YouTube,https://www.youtube.com/watch?v=vpgZwI8X1aI,39695,2611,294
435,435,YouTube,https://www.youtube.com/watch?v=KyBA5CNGsJA,37483,2048,239
436,436,YouTube,https://www.youtube.com/watch?v=U_Apq8tcnAk,290749,6489,468
437,437,YouTube,https://www.youtube.com/watch?v=BeXqII4E09c,481563,8487,989
438,438,YouTube,https://www.youtube.com/watch?v=UzxSNgs_0SM,7183475,49478,3355
439,439,YouTube,https://www.youtube.com/watch?v=CVvQcJdzARI,52792,1761,211
440,440,YouTube,https://www.youtube.com/watch?v=OC6SwS8rerU,153149,4158,687
441,441,YouTube,https://www.youtube.com/watch?v=LzOown8uOj4,53804,2044,253
442,442,YouTube,https://www.youtube.com/watch?v=b5-z5PpssMk,189662,3826,460
443,443,YouTube,https://www.youtube.com/watch?v=sRKc7vu3kRY,136055,3775,406
444,444,YouTube,https://www.youtube.com/watch?v=TJHdguTg7zo,88704,2501,196
445,445,YouTube,https://www.youtube.com/watch?v=MyWolOCQUO8,109778,3345,343
446,446,YouTube,https://www.youtube.com/watch?v=dli7mA4Xt9k,119591,2922,321
447,447,YouTube,https://www.youtube.com/watch?v=nLzN9Jg2s7M,208864,3823,412
448,448,YouTube,https://www.youtube.com/watch?v=HDo_ua6AaDM,120579,2673,300
449,449,YouTube,https://www.youtube.com/watch?v=lApA1q0II-Q,66458,2279,293
450,450,YouTube,https://www.youtube.com/watch?v=2Yyd2ROSIGk,569604,11547,989
451,451,YouTube,https://www.youtube.com/watch?v=Y6I9x0H_ihs,36312,1696,230
452,452,YouTube,https://www.youtube.com/watch?v=9s2eCWGOGC4,79838,2711,460
453,453,YouTube,https://www.youtube.com/watch?v=dw3QB2kKfk4,256814,5229,1123
454,454,YouTube,https://www.youtube.com/watch?v=zt5IpTUzH7g,72159,2426,328
455,455,YouTube,https://www.youtube.com/watch?v=liV8Kd-vXk8,69203,2017,239
456,456,YouTube,https://www.youtube.com/watch?v=LHrkrnN3oTw,311480,6553,665
457,457,YouTube,https://www.youtube.com/watch?v=1Pj_fqayH0c,90501,3051,607
458,458,YouTube,https://www.youtube.com/watch?v=Lyo91SlAAOo,88891,2208,320
459,459,YouTube,https://www.youtube.com/watch?v=77CGj4JswCc,65669,1749,294
460,460,YouTube,https://www.youtube.com/watch?v=BR8LE-_HfVg,35869,1271,130
461,461,YouTube,https://www.youtube.com/watch?v=-g59Yqrs9hE,33053,1251,238
462,462,YouTube,https://www.youtube.com/watch?v=bWpxdN5tf70,119805,2806,340
463,463,YouTube,https://www.youtube.com/watch?v=WizzzaRGcxc,182456,4908,376
464,464,YouTube,https://www.youtube.com/watch?v=moVz1a9gG3Y,341143,7274,839
465,465,YouTube,https://www.youtube.com/watch?v=ylvjGT43dTE,617669,7522,580
466,466,YouTube,https://www.youtube.com/watch?v=fjR2TqZMPdU,25544,1138,100
467,467,YouTube,https://www.youtube.com/watch?v=NVQ7NSoe7LE,45327,1429,153
468,468,YouTube,https://www.youtube.com/watch?v=L7mCYF9ieZo,34847,1256,220
469,469,YouTube,https://www.youtube.com/watch?v=W1rYbfgArXg,39953,1364,187
470,470,YouTube,https://www.youtube.com/watch?v=_Bq7nXPlF7k,24550,1029,115
471,471,YouTube,https://www.youtube.com/watch?v=bxOyf3QzgME,84136,2218,357
472,472,YouTube,https://www.youtube.com/watch?v=3ODTZSovmJU,31938,1202,171
473,473,YouTube,https://www.youtube.com/watch?v=5m6deXtihWM,54204,1434,202
474,474,YouTube,https://www.youtube.com/watch?v=1ERzvYIj8-g,119201,2324,216
475,475,YouTube,https://www.youtube.com/watch?v=JR2gpmR_uK0,207896,3509,487
476,476,YouTube,https://www.youtube.com/watch?v=vT6OSwn19Sg,151342,3295,414
477,477,YouTube,https://www.youtube.com/watch?v=DZq918rz0xQ,1299178,12220,706
478,478,YouTube,https://www.youtube.com/watch?v=aTnX7gT5lHw,39790,1234,149
479,479,YouTube,https://www.youtube.com/watch?v=7sDcsFLrI68,709795,11933,989
480,480,YouTube,https://www.youtube.com/watch?v=vu07kYplgJs,174699,3270,305
481,481,YouTube,https://www.youtube.com/watch?v=qMa93kA8FZE,28009,1400,187
482,482,YouTube,https://www.youtube.com/watch?v=fRHgH_M7dUo,659070,7906,681
483,483,YouTube,https://www.youtube.com/watch?v=pttJ6QUNW7c,339159,6319,803
484,484,YouTube,https://www.youtube.com/watch?v=_CEh0gefKns,1354210,21370,1930
485,485,YouTube,https://www.youtube.com/watch?v=Z-qI3AwLIlc,443003,5148,389
486,486,YouTube,https://www.youtube.com/watch?v=37tkdGvaMmg,73796,2724,352
487,487,YouTube,https://www.youtube.com/watch?v=dnoHVF6Ovz0,98736,3016,226
488,488,YouTube,https://www.youtube.com/watch?v=Hyf-_lJPV0k,290303,5574,753
489,489,YouTube,https://www.youtube.com/watch?v=GkYpIPEx290,154789,2680,314
490,490,YouTube,https://www.youtube.com/watch?v=eBpbuy176Mo,51425,1332,172
491,491,YouTube,https://www.youtube.com/watch?v=XAlR2nP7VIw,44488,1197,132
492,492,YouTube,https://www.youtube.com/watch?v=ziSlp0w33rU,68243,1928,210
493,493,YouTube,https://www.youtube.com/watch?v=h0SWZYfpWfg,1005267,10919,975
494,494,YouTube,https://www.youtube.com/watch?v=ACJ222f9iSc,40397,1758,235
495,495,YouTube,https://www.youtube.com/watch?v=lkXUyZC044A,55363,1631,211
496,496,YouTube,https://www.youtube.com/watch?v=AlPJpiklo54,16849022,83337,4514
497,497,YouTube,https://www.youtube.com/watch?v=icG2TF4_hac,411205,6165,447
498,498,YouTube,https://www.youtube.com/watch?v=qIQE1QtFCDk,295779,5980,803
499,499,YouTube,https://www.youtube.com/watch?v=qLvSMOSRE8w,76260,1880,308
500,500,YouTube,https://www.youtube.com/watch?v=pTT6fd4CHP4,260802,6457,551
501,501,YouTube,https://www.youtube.com/watch?v=vpKHJQEgDOM,125228,4320,500
502,502,YouTube,https://www.youtube.com/watch?v=_LO52m2Arx0,79666,1443,203
503,503,YouTube,https://www.youtube.com/watch?v=Ci-8s8mB23A,226919,2999,442
504,504,YouTube,https://www.youtube.com/watch?v=pf30CNH9xlE,27389,924,143
505,505,YouTube,https://www.youtube.com/watch?v=CcC8KMpqnHw,276649,5509,986
506,506,YouTube,https://www.youtube.com/watch?v=CLFy_zSZZyk,700959,11523,1179
507,507,YouTube,https://www.youtube.com/watch?v=DANSGDJcIJw,53617,1097,146
508,508,YouTube,https://www.youtube.com/watch?v=_qmZ9hdKsD4,14011,610,70
509,509,YouTube,https://www.youtube.com/watch?v=lUVLz3crF_g,13625,394,40
510,510,YouTube,https://www.youtube.com/watch?v=ABm6Kjw_iMY,6052750,34894,1806
511,511,YouTube,https://www.youtube.com/watch?v=meO5kDKEbYE,56366,1124,132
512,512,YouTube,https://www.youtube.com/watch?v=ndAq4hielno,26604,704,75
513,513,YouTube,https://www.youtube.com/watch?v=BbXOY4b52Ds,1341627,8251,1063
514,514,YouTube,https://www.youtube.com/watch?v=l0IU2VkhTXw,79687,1321,147
515,515,YouTube,https://www.youtube.com/watch?v=Wv9hYmGU5UM,202477,3415,307
516,516,YouTube,https://www.youtube.com/watch?v=IV4PdMlscNs,265977,5251,497
517,517,YouTube,https://www.youtube.com/watch?v=oo5qV3MO_QM,19590,448,50
518,518,YouTube,https://www.youtube.com/watch?v=KGzNJ_L7-TY,6508,218,24
519,519,YouTube,https://www.youtube.com/watch?v=h-XMl8eOIUg,134343,1701,157
520,520,YouTube,https://www.youtube.com/watch?v=PXHYQTziSNk,22867,834,132
521,521,YouTube,https://www.youtube.com/watch?v=_iRmYqLVpo8,34914,762,105
522,522,YouTube,https://www.youtube.com/watch?v=8LuOEtS8oSw,36357,837,74
523,523,YouTube,https://www.youtube.com/watch?v=A9lFP46CvTw,34456,848,93
524,524,YouTube,https://www.youtube.com/watch?v=W_8SLxLT3VU,290514,3185,344
525,525,YouTube,https://www.youtube.com/watch?v=ESTqv_2uZCw,22451,740,108
526,526,YouTube,https://www.youtube.com/watch?v=2BnoV5WGQ1M,2860487,39750,4246
527,527,YouTube,https://www.youtube.com/watch?v=mmAhDC1uRhY,387928,4711,493
528,528,YouTube,https://www.youtube.com/watch?v=JWFpb3Du1Ao,61712,1061,209
529,529,YouTube,https://www.youtube.com/watch?v=wMbApIj8Rg0,68280,1255,242
530,530,YouTube,https://www.youtube.com/watch?v=SH6AHsuTOhA,47266,792,126
531,531,YouTube,https://www.youtube.com/watch?v=vtuRrdEL2Zc,43664,851,98
532,532,YouTube,https://www.youtube.com/watch?v=l9eqR8YL4qk,48616,919,143
533,533,YouTube,https://www.youtube.com/watch?v=DIM7tZqv_HA,110962,2011,247
534,534,YouTube,https://www.youtube.com/watch?v=9atLAqZjACE,17871,465,51
535,535,YouTube,https://www.youtube.com/watch?v=ZO5xsNLnIPk,58073,983,182
536,536,YouTube,https://www.youtube.com/watch?v=ncbRWf0aG4M,296924,3610,866
537,537,YouTube,https://www.youtube.com/watch?v=iZLlcZhYrkU,150819,1696,245
538,538,YouTube,https://www.youtube.com/watch?v=rjJx67H2J4A,99525,1452,145
539,539,YouTube,https://www.youtube.com/watch?v=m7n4RbRMioU,51014,777,71
540,540,YouTube,https://www.youtube.com/watch?v=sJv_aqRyR7Y,13310265,49392,2563
541,541,YouTube,https://www.youtube.com/watch?v=gKWgiGj5j28,10380,201,14
542,542,YouTube,https://www.youtube.com/watch?v=v0Z47pCSVVU,54267,734,119
543,543,YouTube,https://www.youtube.com/watch?v=UMhRUDEFIeE,577996,7243,554
544,544,YouTube,https://www.youtube.com/watch?v=-3mNIhlCJwI,106449,1681,132
545,545,YouTube,https://www.youtube.com/watch?v=Y35lOFFG-u0,234284,3774,212
546,546,YouTube,https://www.youtube.com/watch?v=COPnNwGYC1s,314603,6388,311
547,547,YouTube,https://www.youtube.com/watch?v=wE8PdNzWcIY,29308,631,47
548,548,YouTube,https://www.youtube.com/watch?v=cyqfmfODwZ8,154234,2489,184
549,549,YouTube,https://www.youtube.com/watch?v=makjYfkqQEk,136270,2321,252
550,550,YouTube,https://www.youtube.com/watch?v=YTS6nWB_f2w,684039,7096,605
551,551,YouTube,https://www.youtube.com/watch?v=z8IQhUXL7h4,46344,651,64
552,552,YouTube,https://www.youtube.com/watch?v=ThfI9q57y-k,9855,208,20
553,553,YouTube,https://www.youtube.com/watch?v=VCikxv79fwE,9711,274,9
554,554,YouTube,https://www.youtube.com/watch?v=QDpO3I2szM0,23512,818,129
555,555,YouTube,https://www.youtube.com/watch?v=IFYVNGZl6dE,49302,1036,87
556,556,YouTube,https://www.youtube.com/watch?v=CJ9EibL4MYQ,80288,1252,297
557,557,YouTube,https://www.youtube.com/watch?v=MocWqx9Agm8,233135,2552,205
558,558,YouTube,https://www.youtube.com/watch?v=9wVOZUsAiF4,156909,2057,342
559,559,YouTube,https://www.youtube.com/watch?v=lEcJBZKljnk,63569,1113,271
560,560,YouTube,https://www.youtube.com/watch?v=x4kH_XbQoN4,56284,966,285
561,561,YouTube,https://www.youtube.com/watch?v=7hb6WVdpzc0,90419,1257,177
562,562,YouTube,https://www.youtube.com/watch?v=I70nd6Htbvs,60829,812,69
563,563,YouTube,https://www.youtube.com/watch?v=2Al7EuF8z_0,17922,311,17
564,564,YouTube,https://www.youtube.com/watch?v=JgRxSm1FoGo,23452,519,28
565,565,YouTube,https://www.youtube.com/watch?v=WiCXrh63Cu8,14638,321,26
566,566,YouTube,https://www.youtube.com/watch?v=Y9yesTeX0WE,8821,156,11
567,567,YouTube,https://www.youtube.com/watch?v=uP_gdHeoCcI,62855,895,47
568,568,YouTube,https://www.youtube.com/watch?v=ydlbaR77bUw,47556,519,21
569,569,YouTube,https://www.youtube.com/watch?v=nAOILgKm8vQ,1936061,16458,894
570,570,YouTube,https://www.youtube.com/watch?v=pHHREVc5ZO8,21146,332,52
571,571,YouTube,https://www.youtube.com/watch?v=_VxWsLwkUPc,846322,8933,603
572,572,YouTube,https://www.youtube.com/watch?v=upy4BCXiY48,436921,3993,292
573,573,YouTube,https://www.youtube.com/watch?v=ozkmrhaSsvQ,20904,315,32
574,574,YouTube,https://www.youtube.com/watch?v=NGzPEBnXr_E,14593,232,29
575,575,YouTube,https://www.youtube.com/watch?v=b5PWNhxJPAg,12941,211,15
576,576,YouTube,https://www.youtube.com/watch?v=pvv_Oo4dqdE,20125,308,11
577,577,YouTube,https://www.youtube.com/watch?v=ez_oWG66lU0,33253,531,32
578,578,YouTube,https://www.youtube.com/watch?v=3BzGomVvvN4,69773,1034,98
579,579,YouTube,https://www.youtube.com/watch?v=J5z1m8lWqXY,181399,2534,184
580,580,YouTube,https://www.youtube.com/watch?v=vfLB1GJw7yg,13361,332,34
581,581,YouTube,https://www.youtube.com/watch?v=waVNspoy63g,69892,876,54
582,582,YouTube,https://www.youtube.com/watch?v=JI04FXFEu0o,2001190,16626,570
583,583,YouTube,https://www.youtube.com/watch?v=HUROCu6Eh2o,29707,549,20
584,584,YouTube,https://www.youtube.com/watch?v=4Gto6NWCJh4,8770,221,7
585,585,YouTube,https://www.youtube.com/watch?v=q90-a8LGICM,9522,178,10
586,586,YouTube,https://www.youtube.com/watch?v=kr0cGXNmnUs,26839,378,29
587,587,YouTube,https://www.youtube.com/watch?v=UZ1lkpnMGwU,17661,329,47
588,588,YouTube,https://www.youtube.com/watch?v=dH4IdgD_8q0,19866,320,31
589,589,YouTube,https://www.youtube.com/watch?v=5aGa_4XQkaU,28503,549,45
590,590,YouTube,https://www.youtube.com/watch?v=SkvuK5iJll8,12635,255,12
591,591,YouTube,https://www.youtube.com/watch?v=jMSPUi5FVtw,16279,335,19
592,592,YouTube,https://www.youtube.com/watch?v=VBqsFgUhb1w,76628,1069,60
593,593,YouTube,https://www.youtube.com/watch?v=r4pm4EpQeqs,11146,227,12
594,594,YouTube,https://www.youtube.com/watch?v=vECbj3Xf1Qc,281915,2533,213
595,595,YouTube,https://www.youtube.com/watch?v=cwwamvtSkAo,22281,413,40
596,596,YouTube,https://www.youtube.com/watch?v=aGOaHahIuog,23229,434,38
597,597,YouTube,https://www.youtube.com/watch?v=yAFuu38vrXY,30550,545,48
598,598,YouTube,https://www.youtube.com/watch?v=s7qYEG3k_XU,281462,3296,227
599,599,YouTube,https://www.youtube.com/watch?v=WMwNdQ-2uDU,47798,1019,109
600,600,YouTube,https://www.youtube.com/watch?v=_2tz_QazhzE,636962,6665,574
601,601,YouTube,https://www.youtube.com/watch?v=k2coF7KxgcM,5463228,30102,1577
602,602,YouTube,https://www.youtube.com/watch?v=GN4YWlXByM0,267912,2426,169
603,603,YouTube,https://www.youtube.com/watch?v=yn_-wk_Feok,594260,6187,439
604,604,YouTube,https://www.youtube.com/watch?v=IiIjGeqviVk,24572,420,55
605,605,YouTube,https://www.youtube.com/watch?v=nUGQWCJ_SY8,27651,554,57
606,606,YouTube,https://www.youtube.com/watch?v=Kr-eN9qRUaI,363329,4146,212
607,607,YouTube,https://www.youtube.com/watch?v=VE5udmvKd8A,49686,682,81
608,608,YouTube,https://www.youtube.com/watch?v=potwreTDn7I,61115,837,85
609,609,YouTube,https://www.youtube.com/watch?v=w4vvRqoTizw,58696,706,69
610,610,YouTube,https://www.youtube.com/watch?v=lIDDNi7htPI,348912,2706,183
611,611,YouTube,https://www.youtube.com/watch?v=-316vypF3zY,131815,1698,186
612,612,YouTube,https://www.youtube.com/watch?v=Shf5aNl2_UI,34608,572,57
613,613,YouTube,https://www.youtube.com/watch?v=_cL8xssEEZY,49139,613,31
614,614,YouTube,https://www.youtube.com/watch?v=ua-hHZh-56o,25674,489,43
615,615,YouTube,https://www.youtube.com/watch?v=ippbNF6fHVc,95766,1235,87
616,616,YouTube,https://www.youtube.com/watch?v=Ly27VTm1Whg,19124,374,55
617,617,YouTube,https://www.youtube.com/watch?v=29-QfHfSq08,169373,2282,240
618,618,YouTube,https://www.youtube.com/watch?v=QjOvZFMdgIc,1197982,9692,532
619,619,YouTube,https://www.youtube.com/watch?v=REPl6cmhSiY,288747,2421,182
620,620,YouTube,https://www.youtube.com/watch?v=ooZxgL4sZx4,45919,744,76
621,621,YouTube,https://www.youtube.com/watch?v=9ptC0TRculo,191250,2172,211
622,622,YouTube,https://www.youtube.com/watch?v=ID8-ym4dkxY,335669,4461,456
623,623,YouTube,https://www.youtube.com/watch?v=J8u5Yps5rxg,8307009,30339,1390
624,624,YouTube,https://www.youtube.com/watch?v=6Iyo_FoIODk,22561,330,15
625,625,YouTube,https://www.youtube.com/watch?v=zAL8Gb2WETM,27681,608,56
626,626,YouTube,https://www.youtube.com/watch?v=WnVhM7iwmPs,25780,463,66
627,627,YouTube,https://www.youtube.com/watch?v=bRctKVPNcwY,205562,2705,210
628,628,YouTube,https://www.youtube.com/watch?v=YVoB_qfw7X8,57384,901,85
629,629,YouTube,https://www.youtube.com/watch?v=s2lf0pxEzIo,47398,609,43
630,630,YouTube,https://www.youtube.com/watch?v=pCkGuf6OhEU,35376,516,40
631,631,YouTube,https://www.youtube.com/watch?v=trRqnGoH8yU,6843397,31678,1565
632,632,YouTube,https://www.youtube.com/watch?v=JihE78hD6Pc,31741,772,102
633,633,YouTube,https://www.youtube.com/watch?v=4j2kOXBsOeA,51250,1231,110
634,634,YouTube,https://www.youtube.com/watch?v=qurK91hKOj8,191838,1910,129
635,635,YouTube,https://www.youtube.com/watch?v=HMdsTl6jGEs,39434,508,45
636,636,YouTube,https://www.youtube.com/watch?v=l5gxXW-r0SM,20910,181,26
637,637,YouTube,https://www.youtube.com/watch?v=uXgfF2EPD9k,128435,1246,32
638,638,YouTube,https://www.youtube.com/watch?v=S5yfVrMkMwQ,209128,2191,124
639,639,YouTube,https://www.youtube.com/watch?v=3yYcVQMjvqw,87374,1852,227
640,640,YouTube,https://www.youtube.com/watch?v=o3pYb4EIamo,3110812,20607,1022
641,641,YouTube,https://www.youtube.com/watch?v=r7K_aVExDTs,714257,5298,356
642,642,YouTube,https://www.youtube.com/watch?v=WzYh-v010Kc,11435852,27619,1086
643,643,YouTube,https://www.youtube.com/watch?v=CslzH03A6Y4,103580,1860,203
644,644,YouTube,https://www.youtube.com/watch?v=YOcFHC_hccw,429251,3368,222
645,645,YouTube,https://www.youtube.com/watch?v=9WOrpbszcIk,19884699,87486,4084
646,646,YouTube,https://www.youtube.com/watch?v=QWUVncnTNNE,26073872,114436,5184
647,647,YouTube,https://www.youtube.com/watch?v=boPSJDQoVq4,55483,780,74
648,648,YouTube,https://www.youtube.com/watch?v=tlFjbHJPWpU,50140,695,40
649,649,YouTube,https://www.youtube.com/watch?v=qXLFJ9kJwpg,250669,1829,185
650,650,YouTube,https://www.youtube.com/watch?v=T_ILMDr3k5E,33130,436,55
651,651,YouTube,https://www.youtube.com/watch?v=ARdcPx16ARQ,60664,782,53
652,652,YouTube,https://www.youtube.com/watch?v=k_kII6jifeE,40653,437,54
653,653,YouTube,https://www.youtube.com/watch?v=V1mZyczeUbo,42545,622,37
654,654,YouTube,https://www.youtube.com/watch?v=dVhXkFTofF8,53180,836,54
655,655,YouTube,https://www.youtube.com/watch?v=PUiGB3t62XI,52507,586,36
656,656,YouTube,https://www.youtube.com/watch?v=qzo0qjmN_gU,97675,1071,57
657,657,YouTube,https://www.youtube.com/watch?v=u0Jqw2pOXY0,52643,976,63
658,658,YouTube,https://www.youtube.com/watch?v=8W3Pgl5nqoA,199623,1696,137
659,659,YouTube,https://www.youtube.com/watch?v=ZxZ2ufNWmCk,18574,302,28
660,660,YouTube,https://www.youtube.com/watch?v=V-evyi0BO3w,19531,235,14
661,661,YouTube,https://www.youtube.com/watch?v=NjYntWjrHBc,34285,520,30
662,662,YouTube,https://www.youtube.com/watch?v=dqGc5TsBOBw,20230,398,12
663,663,YouTube,https://www.youtube.com/watch?v=4I2BO8GKgzA,19125,369,23
664,664,YouTube,https://www.youtube.com/watch?v=KyZBs1p83iM,56534,513,40
665,665,YouTube,https://www.youtube.com/watch?v=3bJxnzjcYo8,17182,217,17
666,666,YouTube,https://www.youtube.com/watch?v=U0dt-ycPqZQ,5137,90,12
667,667,YouTube,https://www.youtube.com/watch?v=6thV6L9pMmw,27764,557,45
668,668,YouTube,https://www.youtube.com/watch?v=oRMUo04AQ8Y,285431,2377,64
669,669,YouTube,https://www.youtube.com/watch?v=fFQQV_hHKyo,45907,456,20
670,670,YouTube,https://www.youtube.com/watch?v=iswsh4cD6Cg,264537,2785,142
671,671,YouTube,https://www.youtube.com/watch?v=015Oxo_2Iz8,34156,639,55
672,672,YouTube,https://www.youtube.com/watch?v=FRHAaT_X6a0,498310,5881,421
673,673,YouTube,https://www.youtube.com/watch?v=EepzYnVgCmc,333742,3115,158
674,674,YouTube,https://www.youtube.com/watch?v=yl-2NypCP1w,21880,431,39
675,675,YouTube,https://www.youtube.com/watch?v=W93R6rA1MYE,873544,6621,361
676,676,YouTube,https://www.youtube.com/watch?v=ufIs8FEeD18,54116,648,21
677,677,YouTube,https://www.youtube.com/watch?v=gOrrsxkJS3M,17861,268,19
678,678,YouTube,https://www.youtube.com/watch?v=D1_EI0faMsA,44137,436,33
679,679,YouTube,https://www.youtube.com/watch?v=wkV8i8JnZ70,7905,139,9
680,680,YouTube,https://www.youtube.com/watch?v=vhrR7NOH-Ns,105321,1763,87
681,681,YouTube,https://www.youtube.com/watch?v=CVtXXtk-PGE,7967,102,4
682,682,YouTube,https://www.youtube.com/watch?v=rW8Ycm8uEVw,12516,226,11
683,683,YouTube,https://www.youtube.com/watch?v=2JDRLN0gIZg,9033,123,15
684,684,YouTube,https://www.youtube.com/watch?v=THvA1QwLl2s,80759,1243,102
685,685,YouTube,https://www.youtube.com/watch?v=8u-EajsmSn4,637405,5738,382
686,686,YouTube,https://www.youtube.com/watch?v=gbqXgOcOfHE,6467,116,15
687,687,YouTube,https://www.youtube.com/watch?v=E6AcbU3Z84k,15760,250,14
688,688,YouTube,https://www.youtube.com/watch?v=MBiIY1o4HEk,23053,299,25
689,689,YouTube,https://www.youtube.com/watch?v=PPf2CUOYnKw,61546,1027,85
690,690,YouTube,https://www.youtube.com/watch?v=EwJCxpU8kXc,8786,162,15
691,691,YouTube,https://www.youtube.com/watch?v=aZTB4639JuA,53989,1101,104
692,692,YouTube,https://www.youtube.com/watch?v=o7TqBJA2-Qo,25636,1067,126
693,693,YouTube,https://www.youtube.com/watch?v=dPyAZqbuXEk,10974,287,28
694,694,YouTube,https://www.youtube.com/watch?v=i1baWUGsuEQ,29028,780,61
695,695,YouTube,https://www.youtube.com/watch?v=fLhZlFZqDSI,9098,101,5
696,696,YouTube,https://www.youtube.com/watch?v=lRWfCSgl6E0,5230,159,10
697,697,YouTube,https://www.youtube.com/watch?v=okhc9BbKXV4,12913,267,23
698,698,YouTube,https://www.youtube.com/watch?v=v3_1oqcp9O8,80808,1316,61
699,699,YouTube,https://www.youtube.com/watch?v=9mYH-Eyabko,17974,189,11
700,700,YouTube,https://www.youtube.com/watch?v=MCnmVTRflkE,4823,109,7
701,701,YouTube,https://www.youtube.com/watch?v=zkMGMYVItws,8125,219,16
702,702,YouTube,https://www.youtube.com/watch?v=WQnt_6wUu5Y,31557,334,10
703,703,YouTube,https://www.youtube.com/watch?v=Xl17SPF3w1o,14901,209,17
704,704,YouTube,https://www.youtube.com/watch?v=BMQgnQ5ae8o,4133,72,5
705,705,YouTube,https://www.youtube.com/watch?v=IUn8YbRERws,9405,218,14
706,706,YouTube,https://www.youtube.com/watch?v=o_AJTn26ifQ,7201,152,13
707,707,YouTube,https://www.youtube.com/watch?v=eNDEPFYdaX0,21612,463,29
708,708,YouTube,https://www.youtube.com/watch?v=hikg21xNzkk,4656,84,5
709,709,YouTube,https://www.youtube.com/watch?v=SQ-pYZnGnbU,5813,125,6
710,710,YouTube,https://www.youtube.com/watch?v=vbJJYEY1Tkk,7148,189,12
711,711,YouTube,https://www.youtube.com/watch?v=ruUS2i4CS5U,9733,263,28
712,712,YouTube,https://www.youtube.com/watch?v=bZoEy-kvY0k,11356,151,16
713,713,YouTube,https://www.youtube.com/watch?v=oZI5gRt6NBk,37757,746,71
714,714,YouTube,https://www.youtube.com/watch?v=ICFNkQ6kLSU,52580,833,96
715,715,YouTube,https://www.youtube.com/watch?v=ejaPGieaTAE,49249,1037,107
716,716,YouTube,https://www.youtube.com/watch?v=TRIICafiFEY,16450,566,54
717,717,YouTube,https://www.youtube.com/watch?v=YGGV5Wf48rk,5312,120,9
718,718,YouTube,https://www.youtube.com/watch?v=fH2i0y8Sro8,25594,391,48
719,719,YouTube,https://www.youtube.com/watch?v=YLu02e6jCus,16787,321,25
720,720,YouTube,https://www.youtube.com/watch?v=L-zBUCru9dY,4846,79,5
721,721,YouTube,https://www.youtube.com/watch?v=rQhwLYk8TH0,22154,294,25
722,722,YouTube,https://www.youtube.com/watch?v=kuWM2UXU0fM,3278,45,1
723,723,YouTube,https://www.youtube.com/watch?v=UoTIcbmCJkc,10787,213,19
724,724,YouTube,https://www.youtube.com/watch?v=lcaj4gr6voQ,8878,191,24
725,725,YouTube,https://www.youtube.com/watch?v=QZoCZkflaVw,8327,202,9
726,726,YouTube,https://www.youtube.com/watch?v=1ktcLMVGuiQ,23056,620,41
727,727,YouTube,https://www.youtube.com/watch?v=kqX8taTUV9I,107437,1142,65
728,728,YouTube,https://www.youtube.com/watch?v=YlTadB8ztq8,420670,4651,356
729,729,YouTube,https://www.youtube.com/watch?v=QjlU1ypkQ2I,232728,2745,174
730,730,YouTube,https://www.youtube.com/watch?v=zehlHcOXO3g,9938,219,13
731,731,YouTube,https://www.youtube.com/watch?v=ayt1cpHZJXo,8119,114,6
732,732,YouTube,https://www.youtube.com/watch?v=V2K7DyHWzf0,26345,446,44
733,733,YouTube,https://www.youtube.com/watch?v=tdobgXtzBe8,11334,224,11
734,734,YouTube,https://www.youtube.com/watch?v=7EHu0UoYsD4,7402,131,8
735,735,YouTube,https://www.youtube.com/watch?v=2gYB5RD1vNU,28007,228,16
736,736,YouTube,https://www.youtube.com/watch?v=oAFa1aozO1A,41095,1016,77
737,737,YouTube,https://www.youtube.com/watch?v=iyvUiezFuR4,9106,175,7
738,738,YouTube,https://www.youtube.com/watch?v=Xzv_LMgx_FY,19530,355,24
739,739,YouTube,https://www.youtube.com/watch?v=gOMr_JExZxE,151903,2158,239
740,740,YouTube,https://www.youtube.com/watch?v=xRh3-ER-Rc4,8674,166,11
741,741,YouTube,https://www.youtube.com/watch?v=ghRMly26VKg,5868,154,7
742,742,YouTube,https://www.youtube.com/watch?v=FwdEeqs51dU,88124,1323,92
743,743,YouTube,https://www.youtube.com/watch?v=N_bMHRaOGU4,23590,389,19
744,744,YouTube,https://www.youtube.com/watch?v=h-3KyeETYyA,48166,549,29
745,745,YouTube,https://www.youtube.com/watch?v=McnQKJfr-ro,969798,8038,426
746,746,YouTube,https://www.youtube.com/watch?v=vf_PwCD5VIo,12988,274,33
747,747,YouTube,https://www.youtube.com/watch?v=X92McXNrCwg,7259,144,4
748,748,YouTube,https://www.youtube.com/watch?v=at8iG1XNREs,297496,3375,290
749,749,YouTube,https://www.youtube.com/watch?v=ZjaxKUkxt6A,94626,1075,93
750,750,YouTube,https://www.youtube.com/watch?v=npjE3J53eWQ,5544,121,16
751,751,YouTube,https://www.youtube.com/watch?v=52VNVwhU2JY,102311,1903,172
752,752,YouTube,https://www.youtube.com/watch?v=DWNOu0rqmYQ,4674,93,8
753,753,YouTube,https://www.youtube.com/watch?v=w2LxOVvpf-E,13866,271,15
754,754,YouTube,https://www.youtube.com/watch?v=9WJ7krhFgQg,16086,211,12
755,755,YouTube,https://www.youtube.com/watch?v=lDJ1yd_b_KE,35241,693,32
756,756,YouTube,https://www.youtube.com/watch?v=U-4GHvDd3ko,3557,48,4
757,757,YouTube,https://www.youtube.com/watch?v=h0o-83Ezs_I,56170,896,76
758,758,YouTube,https://www.youtube.com/watch?v=osSQMTQmfM0,6435,112,10
759,759,YouTube,https://www.youtube.com/watch?v=XY9KhpPohQk,12201,225,12
760,760,YouTube,https://www.youtube.com/watch?v=mIUCUGuoZYo,4462,75,6
761,761,YouTube,https://www.youtube.com/watch?v=YHkg9ryXSjk,182191,2250,291
762,762,YouTube,https://www.youtube.com/watch?v=iLh-YpFRhT4,5402,102,7
763,763,YouTube,https://www.youtube.com/watch?v=Hp1z1kuR13o,10113,81,3
764,764,YouTube,https://www.youtube.com/watch?v=YcNSXvDVWMg,2789,34,3
765,765,YouTube,https://www.youtube.com/watch?v=6xtB1YxVoos,3279,46,4
766,766,YouTube,https://www.youtube.com/watch?v=XqrW4bRztIQ,2210,56,2
767,767,YouTube,https://www.youtube.com/watch?v=A41jKo5mIao,3782,61,3
768,768,YouTube,https://www.youtube.com/watch?v=zBb1vdFFpRg,10023,182,14
769,769,YouTube,https://www.youtube.com/watch?v=-TPc13glO28,6118,84,2
770,770,YouTube,https://www.youtube.com/watch?v=xxnPKqFoLYM,16622,317,31
771,771,YouTube,https://www.youtube.com/watch?v=TqA2_dPKr-E,7081,115,8
772,772,YouTube,https://www.youtube.com/watch?v=3gGBIzN7DCs,10128,266,14
773,773,YouTube,https://www.youtube.com/watch?v=z8RBhvRdyw8,6618,126,7
774,774,YouTube,https://www.youtube.com/watch?v=x9IcEaEC-jI,150271,1923,142
775,775,YouTube,https://www.youtube.com/watch?v=0fr7ZWw9Y_M,22639,237,5
776,776,YouTube,https://www.youtube.com/watch?v=c9KmblkpGc4,62151,1246,98
777,777,YouTube,https://www.youtube.com/watch?v=bVVfO95leAU,58133,880,100
778,778,YouTube,https://www.youtube.com/watch?v=rD96W2YluSc,4280,79,13
779,779,YouTube,https://www.youtube.com/watch?v=Dl5NdgfPskM,4646,81,10
780,780,YouTube,https://www.youtube.com/watch?v=CokNVRbm_Ws,2930,53,3
781,781,YouTube,https://www.youtube.com/watch?v=5wK7HInDJ5s,7528,120,10
782,782,YouTube,https://www.youtube.com/watch?v=Pu1FW3vSNQA,12796,286,13
783,783,YouTube,https://www.youtube.com/watch?v=BhseruxwvFU,15148,268,20
784,784,YouTube,https://www.youtube.com/watch?v=Oy_JkHTA2vo,4502,82,7
785,785,YouTube,https://www.youtube.com/watch?v=sdTLv2JMp9g,21785,307,29
786,786,YouTube,https://www.youtube.com/watch?v=9kxCmSjmnxI,109739,2227,137
787,787,YouTube,https://www.youtube.com/watch?v=hChCk1sLsF4,75104,1585,135
788,788,YouTube,https://www.youtube.com/watch?v=LHWTKH8DowI,6945,77,3
789,789,YouTube,https://www.youtube.com/watch?v=6uZlj6EKs70,11791,154,6
790,790,YouTube,https://www.youtube.com/watch?v=OE9OAvjAy48,74988,684,41
791,791,YouTube,https://www.youtube.com/watch?v=zWlqdXgT0cM,59193,513,21
792,792,YouTube,https://www.youtube.com/watch?v=vLfzSlwuzqE,35804,227,6
793,793,YouTube,https://www.youtube.com/watch?v=DIpSBHG5ErM,228626,1691,85
794,794,YouTube,https://www.youtube.com/watch?v=9d3TZTRBkBo,110322,872,18
795,795,YouTube,https://www.youtube.com/watch?v=My-0iSbFlGY,36768,280,11
796,796,YouTube,https://www.youtube.com/watch?v=-OMTBYx32Yc,9059,62,1
797,797,YouTube,https://www.youtube.com/watch?v=NaVS49o22Tw,86517,869,53
798,798,YouTube,https://www.youtube.com/watch?v=c7c7fgsm7Xs,45617,454,38
799,799,YouTube,https://www.youtube.com/watch?v=nUVVMhONI6U,17428,141,10
800,800,YouTube,https://www.youtube.com/watch?v=O6-rfyVJhSA,32196,330,16
801,801,YouTube,https://www.youtube.com/watch?v=hAEOZTMhJ_E,44285,430,29
802,802,YouTube,https://www.youtube.com/watch?v=VmZBan7TG0Q,39093,264,12
803,803,YouTube,https://www.youtube.com/watch?v=aXBFahBCpUk,34911,445,25
804,804,YouTube,https://www.youtube.com/watch?v=6vtC_F4cqzI,39546,423,28
805,805,YouTube,https://www.youtube.com/watch?v=SE6TZQ2v91k,72716,773,44
806,806,YouTube,https://www.youtube.com/watch?v=iZTtiFjvuF0,2006721,17374,1281
807,807,YouTube,https://www.youtube.com/watch?v=loIrmv8BVZY,71722,1127,126
808,808,YouTube,https://www.youtube.com/watch?v=-B0a98nzz34,95874,869,41
809,809,YouTube,https://www.youtube.com/watch?v=X7gXUCsKQ2E,58405,627,23
810,810,YouTube,https://www.youtube.com/watch?v=8ydN1nfev2Y,57238,626,23
811,811,YouTube,https://www.youtube.com/watch?v=7KQSSZrDJIk,34422,382,18
812,812,YouTube,https://www.youtube.com/watch?v=3y6pq1_IJJ4,85466,922,47
813,813,YouTube,https://www.youtube.com/watch?v=BwJz9ABhHyM,445371,4977,276
814,814,YouTube,https://www.youtube.com/watch?v=XzwRq04zG1M,705748,4833,245
815,815,YouTube,https://www.youtube.com/watch?v=neYBffc6FXA,12936,212,9
816,816,YouTube,https://www.youtube.com/watch?v=f5-hv-rbQKA,8564,211,16
817,817,YouTube,https://www.youtube.com/watch?v=v3r2-AFLHOM,6864,182,15
818,818,YouTube,https://www.youtube.com/watch?v=osb1ckewTmE,4644,85,16
819,819,YouTube,https://www.youtube.com/watch?v=oyZZFbjRxsg,21763,525,54
820,820,YouTube,https://www.youtube.com/watch?v=hx6rUeyG_Dg,185987,1965,128
821,821,YouTube,https://www.youtube.com/watch?v=TVW7r3yRZhs,66867,1382,90
822,822,YouTube,https://www.youtube.com/watch?v=wU51iBgobpw,30420,467,23
823,823,YouTube,https://www.youtube.com/watch?v=-gYnlKLol5g,130846,3270,367
824,824,YouTube,https://www.youtube.com/watch?v=kps_b5rK02g,140357,1929,129
825,825,YouTube,https://www.youtube.com/watch?v=6x1zD4vTddk,367321,4862,365
826,826,YouTube,https://www.youtube.com/watch?v=fDOSQYdlbZM,509050,4376,324
827,827,YouTube,https://www.youtube.com/watch?v=UVMzHm6hdQU,83528,649,29
828,828,YouTube,https://www.youtube.com/watch?v=UGKD5CG_n1E,8647,166,14
829,829,YouTube,https://www.youtube.com/watch?v=MBNDZdOPutk,97806,1049,81
830,830,YouTube,https://www.youtube.com/watch?v=RVmpGh63Bnc,6974,109,12
831,831,YouTube,https://www.youtube.com/watch?v=y9_RIqqTbs4,58832,637,38
832,832,YouTube,https://www.youtube.com/watch?v=-Hb8jHyJ5Zs,16023,343,51
833,833,YouTube,https://www.youtube.com/watch?v=hHvnCeS5rCc,91049,955,176
834,834,YouTube,https://www.youtube.com/watch?v=LHXB0fjE3JQ,105493,1658,154
835,835,YouTube,https://www.youtube.com/watch?v=PmFxiKaXAPM,432639,3913,227
836,836,YouTube,https://www.youtube.com/watch?v=tdrtyt5SxaM,4534779,25736,1197
837,837,YouTube,https://www.youtube.com/watch?v=j5_xb_4fH2E,1716471,0,643
838,838,YouTube,https://www.youtube.com/watch?v=4d1SQmNJWo4,99634,546,71
839,839,YouTube,https://www.youtube.com/watch?v=uFi6tZieIpw,9959490,47834,1682
840,840,YouTube,https://www.youtube.com/watch?v=8T1IQnrGJso,1317366,11161,792
841,841,YouTube,https://www.youtube.com/watch?v=U39okwPKl7A,2731067,19015,1366
842,842,YouTube,https://www.youtube.com/watch?v=If22MICiXWg,232778,3022,240
843,843,YouTube,https://www.youtube.com/watch?v=Y0VEaLl1qoA,116124,1562,59
844,844,YouTube,https://www.youtube.com/watch?v=SO6hj_tCsaA,19790,239,6
845,845,YouTube,https://www.youtube.com/watch?v=UInmAhfiz-c,8300,235,19
846,846,YouTube,https://www.youtube.com/watch?v=qGzZM8ZMLi0,32901,552,42
847,847,YouTube,https://www.youtube.com/watch?v=6GAY1BALM9o,16137,226,20
848,848,YouTube,https://www.youtube.com/watch?v=lAoaS26UJY0,184335,1963,98
849,849,YouTube,https://www.youtube.com/watch?v=VAWT5dywEEQ,11105,206,26
850,850,YouTube,https://www.youtube.com/watch?v=rtr6DGq7Qqo,726492,11904,1054
851,851,YouTube,https://www.youtube.com/watch?v=wT_-gpkpc4E,7550,216,20
852,852,YouTube,https://www.youtube.com/watch?v=hCrocPnu9Ks,78891,1296,125
853,853,YouTube,https://www.youtube.com/watch?v=_Jx2XIjCkGw,128449,1701,151
854,854,YouTube,https://www.youtube.com/watch?v=R8acJx226Ho,28851,362,21
855,855,YouTube,https://www.youtube.com/watch?v=PhBqBIFLpdQ,31386,608,28
856,856,YouTube,https://www.youtube.com/watch?v=hI2goWDoB5k,154564,894,33
857,857,YouTube,https://www.youtube.com/watch?v=xQ7Ex0J2NyI,7037,151,14
858,858,YouTube,https://www.youtube.com/watch?v=x-fJz2Rame4,117070,1878,171
859,859,YouTube,https://www.youtube.com/watch?v=KVO2N3BTFmk,200245,1191,74
860,860,YouTube,https://www.youtube.com/watch?v=_aVwMHlfsm4,448254,3215,175
861,861,YouTube,https://www.youtube.com/watch?v=aPQ46lYeDgk,335513,4368,394
862,862,YouTube,https://www.youtube.com/watch?v=HYbb0ifhZNU,35807,640,51
863,863,YouTube,https://www.youtube.com/watch?v=VkMq_cNhZdg,41570,672,50
864,864,YouTube,https://www.youtube.com/watch?v=ipcDGEStcSE,1478597,11081,1024
865,865,YouTube,https://www.youtube.com/watch?v=YGr3ulpHVZ8,53128,867,36
866,866,YouTube,https://www.youtube.com/watch?v=wP-FNzt-SUI,553264,4641,249
867,867,YouTube,https://www.youtube.com/watch?v=hI9EO0kufOA,1188227,5708,401
868,868,YouTube,https://www.youtube.com/watch?v=6hcAI2q9_XU,4711,106,11
869,869,YouTube,https://www.youtube.com/watch?v=vsyzcI7QEYI,509036,4001,251
870,870,YouTube,https://www.youtube.com/watch?v=fiS7ed5rCWo,12669,264,19
871,871,YouTube,https://www.youtube.com/watch?v=kq7QqapYbd4,170848,2684,186
872,872,YouTube,https://www.youtube.com/watch?v=hJiJpvpeX4c,304753,2478,243
873,873,YouTube,https://www.youtube.com/watch?v=Jcp3z1l3cY8,1045078,8723,755
874,874,YouTube,https://www.youtube.com/watch?v=xezcLZUe9rg,328064,2541,135
875,875,YouTube,https://www.youtube.com/watch?v=Wptx5zumukQ,572265,3365,186
876,876,YouTube,https://www.youtube.com/watch?v=2oN-RMiK16s,12737,178,19
877,877,YouTube,https://www.youtube.com/watch?v=dSZ_wirHpNU,550554,4965,362
878,878,YouTube,https://www.youtube.com/watch?v=9Fb0EJNvvVs,28487,268,20
879,879,YouTube,https://www.youtube.com/watch?v=7u9uSN7Zlgo,324288,2461,194
880,880,YouTube,https://www.youtube.com/watch?v=-vTm-0PVvGk,1266680,8539,564
881,881,YouTube,https://www.youtube.com/watch?v=Mw3_94xFeOc,1414376,6912,480
882,882,YouTube,https://www.youtube.com/watch?v=DuDgAMN4w7U,478919,4286,352
883,883,YouTube,https://www.youtube.com/watch?v=_5HCOmlpDh0,202471,2851,255
884,884,YouTube,https://www.youtube.com/watch?v=POxPnp5X5ow,3140817,25337,1206
885,885,YouTube,https://www.youtube.com/watch?v=CYiCIyhq01o,5119765,28727,1932
886,886,YouTube,https://www.youtube.com/watch?v=KT1YnkI0LPY,315210,2057,128
887,887,YouTube,https://www.youtube.com/watch?v=-J9sAx0UfQI,148968,1604,118
888,888,YouTube,https://www.youtube.com/watch?v=2WT2ap5-0LU,224633,2190,202
889,889,YouTube,https://www.youtube.com/watch?v=bU_XOEnaY3w,173570,2211,245
890,890,YouTube,https://youtu.be/5iy_8PKKiyM?si=jmP3ndUObLUJQz40,31076,3600,451
891,891,YouTube,https://youtu.be/FjN_7oP2IlI?si=b9v2RkyimNiU3B26,114191,8100,706
892,892,YouTube,https://youtu.be/j7ak2k6z0PM?si=mDHMn6KhP86TpUXV,314384,26000,5537
893,893,YouTube,https://youtu.be/QeJdAh83hpA?si=BPRrvXQuDKWp_qnV,54598,2700,1234
894,894,iTunes,https://music.apple.com/us/album/adiepena-feat-shatta-wale/1787051223?i=1787051230&uo=4,,,
895,895,iTunes,https://music.apple.com/us/album/millions/1784666765?i=1784666770&uo=4,,,
896,896,iTunes,https://music.apple.com/us/album/secret-billionaires-feat-shatta-wale/1779263768?i=1779263769&uo=4,,,
897,897,iTunes,https://music.apple.com/us/album/road-clear-feat-shatta-wale/1766588212?i=1766588213&uo=4,,,
898,898,iTunes,https://music.apple.com/us/album/imagination/1762185835?i=1762185841&uo=4,,,
899,899,iTunes,https://music.apple.com/us/album/set-up-yuhself-feat-shatta-wale/1753730521?i=1753730535&uo=4,,,
900,900,iTunes,https://music.apple.com/us/album/gangalia-feat-shatta-wale/1720097010?i=1720097018&uo=4,,,
901,901,iTunes,https://music.apple.com/us/album/my-way-feat-shatta-wale/1711050742?i=1711051174&uo=4,,,
902,902,iTunes,https://music.apple.com/us/album/new-level-unlock-feat-shatta-wale/1691839719?i=1691839720&uo=4,,,
903,903,iTunes,https://music.apple.com/us/album/ready-feat-rj-the-dj/1684826764?i=1684826765&uo=4,,,
904,904,iTunes,https://music.apple.com/us/album/dem-deh-try-feat-shatta-wale/1687851451?i=1687851452&uo=4,,,
905,905,iTunes,https://music.apple.com/us/album/idgaf-feat-shatta-wale/1657262115?i=1657262497&uo=4,,,
906,906,iTunes,https://music.apple.com/us/album/survive-feat-shatta-wale-kao-denero/1659571135?i=1659571136&uo=4,,,
907,907,iTunes,https://music.apple.com/us/album/see-something-feat-medikal-minz/1655359142?i=1655359143&uo=4,,,
908,908,iTunes,https://music.apple.com/us/album/dtb/1628717258?i=1628717264&uo=4,,,
909,909,iTunes,https://music.apple.com/us/album/obaa-feat-shatta-wale/1617996695?i=1617997548&uo=4,,,
910,910,iTunes,https://music.apple.com/us/album/dancehall-dweet/1816205004?i=1816205006&uo=4,,,
911,911,iTunes,https://music.apple.com/us/album/stubborn-academy/1606228967?i=1606228968&uo=4,,,
912,912,iTunes,https://music.apple.com/us/album/free-de-matter-feat-shatta-wale/1598724188?i=1598724195&uo=4,,,
913,913,iTunes,https://music.apple.com/us/album/school-dey-be-feat-shatta-wale/1683920235?i=1683920323&uo=4,,,
914,914,iTunes,https://music.apple.com/us/album/sika-dam-feat-fameye-shatta-wale/1589244108?i=1589244114&uo=4,,,
915,915,iTunes,https://music.apple.com/us/album/alone-feat-shatta-wale/1591637224?i=1591637225&uo=4,,,
916,916,iTunes,https://music.apple.com/us/album/juice-feat-shatta-wale/1573038728?i=1573038817&uo=4,,,
917,917,iTunes,https://music.apple.com/us/album/i-go-give/1570090570?i=1570091110&uo=4,,,
918,918,iTunes,https://music.apple.com/us/album/barrel-feat-shatta-wale-stylo-g-remix/1559923873?i=1559923892&uo=4,,,
919,919,iTunes,https://music.apple.com/us/album/kro-kro-me-feat-shatta-wale/1559725785?i=1559725791&uo=4,,,
920,920,iTunes,https://music.apple.com/us/album/star-life-feat-shatta-wale/1556493246?i=1556493275&uo=4,,,
921,921,iTunes,https://music.apple.com/us/album/inna-di-night-feat-shatta-wale/1553705861?i=1553705862&uo=4,,,
922,922,iTunes,https://music.apple.com/us/album/alright/1542704676?i=1542704677&uo=4,,,
923,923,iTunes,https://music.apple.com/us/album/eka-aba-fie-feat-shatta-wale/1540614531?i=1540614532&uo=4,,,
924,924,iTunes,https://music.apple.com/us/album/h-i-t-haters-in-tears-feat-shatta-wale/1682955972?i=1682955973&uo=4,,,
925,925,iTunes,https://music.apple.com/us/album/ghana-we-dey-feat-shatta-wale-samini/1499574696?i=1499574707&uo=4,,,
926,926,iTunes,https://music.apple.com/us/album/winning-formula/1522706546?i=1522706893&uo=4,,,
927,927,iTunes,https://music.apple.com/us/album/fever-feat-shatta-wale/1526028653?i=1526028654&uo=4,,,
928,928,iTunes,https://music.apple.com/us/album/kimberly-feat-captan/1512055458?i=1512055464&uo=4,,,
929,929,iTunes,https://music.apple.com/us/album/sexy-lady/1508644621?i=1508644622&uo=4,,,
930,930,iTunes,https://music.apple.com/us/album/too-ugly/1498780824?i=1498781730&uo=4,,,
931,931,iTunes,https://music.apple.com/us/album/laugh-out-loud-feat-shatta-wale/1498607737?i=1498607742&uo=4,,,
932,932,iTunes,https://music.apple.com/us/album/celebration-feat-shatta-wale/1492747288?i=1492747289&uo=4,,,
933,933,iTunes,https://music.apple.com/us/album/afro-dance-feat-shatta-wale/1490151115?i=1490151116&uo=4,,,
934,934,iTunes,https://music.apple.com/us/album/be-afraid/1498780824?i=1498781104&uo=4,,,
935,935,iTunes,https://music.apple.com/us/album/vibration/1477205361?i=1477205900&uo=4,,,
936,936,iTunes,https://music.apple.com/us/album/too-much-henny-remix-feat-shatta-wale-remix/1476727305?i=1476727307&uo=4,,,
937,937,iTunes,https://music.apple.com/us/album/be-strong-feat-shatta-wale/1475305836?i=1475305850&uo=4,,,
938,938,iTunes,https://music.apple.com/us/album/already/1473486502?i=1473487611&uo=4,,,
939,939,iTunes,https://music.apple.com/us/album/i-taya-feat-shatta-wale/1467736522?i=1467736524&uo=4,,,
940,940,iTunes,https://music.apple.com/us/album/are-you-still-mine/1463002832?i=1463002840&uo=4,,,
941,941,iTunes,https://music.apple.com/us/album/way-to-the-top/1815016049?i=1815016050&uo=4,,,
942,942,iTunes,https://music.apple.com/us/album/african-girl-feat-shatta-wale/1459237345?i=1459237588&uo=4,,,
943,943,iTunes,https://music.apple.com/us/album/we-gi-dem/1459694471?i=1459694617&uo=4,,,
944,944,iTunes,https://music.apple.com/us/album/weekend-love/1458251154?i=1458251155&uo=4,,,
945,945,iTunes,https://music.apple.com/us/album/never-again-feat-shatta-wale/1457610206?i=1457610209&uo=4,,,
946,946,iTunes,https://music.apple.com/us/album/baby-feat-shatta-wale-kuami-eugene-kidi/1455707926?i=1455707929&uo=4,,,
947,947,iTunes,https://music.apple.com/us/album/deliver-me/1455430055?i=1455430056&uo=4,,,
948,948,iTunes,https://music.apple.com/us/album/omo-ada-dem-sleep-feat-shatta-wale-fella-remix/1657737558?i=1657737559&uo=4,,,
949,949,iTunes,https://music.apple.com/us/album/dangote-feat-shatta-wale/1447891415?i=1447891418&uo=4,,,
950,950,iTunes,https://music.apple.com/us/album/african-girl-feat-shatta-wale/1445608800?i=1445608803&uo=4,,,
951,951,iTunes,https://music.apple.com/us/album/adwenfi-feat-shatta-wale-kuami-eugene/1364457151?i=1364457660&uo=4,,,
952,952,iTunes,https://music.apple.com/us/album/true-believer/1364457375?i=1364457380&uo=4,,,
953,953,iTunes,https://music.apple.com/us/album/the-way-i-move/1338229607?i=1338229608&uo=4,,,
954,954,iTunes,https://music.apple.com/us/album/fa-ma-me-give-it-to-me-feat-shatta-wale/1342630713?i=1342630716&uo=4,,,
955,955,iTunes,https://music.apple.com/us/album/opana-feat-shatta-wale/1321729296?i=1321729297&uo=4,,,
956,956,iTunes,https://music.apple.com/us/album/kpuu-kpa-challenge-boga-dance-edition-feat-shatta-wale/1386946554?i=1386946555&uo=4,,,
957,957,iTunes,https://music.apple.com/us/album/wave-remix-feat-davido-terry-apala-shatta-wale-wale/1212241004?i=1212241016&uo=4,,,
958,958,iTunes,https://music.apple.com/us/album/one-shot-feat-shatta-wale-sarkodie/1211986334?i=1211986344&uo=4,,,
959,959,iTunes,https://music.apple.com/us/album/stevie-wonder-feat-shatta-wale/1682959590?i=1682959591&uo=4,,,
960,960,iTunes,https://music.apple.com/us/album/addaman-feat-benzee-shatta-wale-mix-masta-garzy-remix/1493111833?i=1493111845&uo=4,,,
961,961,iTunes,https://music.apple.com/us/album/its-not-over-mix-masta-garzy-remix/1493111833?i=1493111846&uo=4,,,
962,962,iTunes,https://music.apple.com/us/album/jeje-feat-shatta-wale/1556543339?i=1556543445&uo=4,,,
963,963,iTunes,https://music.apple.com/us/album/party-fi-life-feat-shatta-wale/1148257283?i=1148257444&uo=4,,,
964,964,iTunes,https://music.apple.com/us/album/too-big-feat-shatta-wale/1143471177?i=1143471363&uo=4,,,
965,965,iTunes,https://music.apple.com/us/album/atm-remix-feat-shatta-wale/1114120846?i=1114121220&uo=4,,,
966,966,iTunes,https://music.apple.com/us/album/fire-bon-dem-feat-sarkodie-shatta-wale-remix/1149909488?i=1149909781&uo=4,,,
967,967,iTunes,https://music.apple.com/us/album/too-sweet-feat-shatta-wale/1019389399?i=1019389406&uo=4,,,
968,968,iTunes,https://music.apple.com/us/album/supa-scary-feat-shatta-wale-d-black-sarkodie-mugeez-e-l/949890487?i=949890490&uo=4,,,
969,969,iTunes,https://music.apple.com/us/album/pinga-feat-shatta-wale/905956353?i=905956380&uo=4,,,
