,id,song_id,platform_name,platform_url,views,likes,comments
0,1,1,YouTube,https://www.youtube.com/watch?v=H65rC1PC6P0,30955.0,4385.0,588.0
1,2,2,YouTube,https://www.youtube.com/watch?v=Fx6CyaiUQOg,29849.0,4155.0,627.0
2,3,3,YouTube,https://www.youtube.com/watch?v=G89t_2kynjc,35002.0,4586.0,618.0
3,4,4,YouTube,https://www.youtube.com/watch?v=TMwq7cwrN00,126722.0,11588.0,1380.0
4,5,5,YouTube,https://www.youtube.com/watch?v=ZaAvCBnKT2Y,226545.0,13574.0,1641.0
5,6,6,YouTube,https://www.youtube.com/watch?v=7htxUqzKvgk,33417.0,3838.0,504.0
6,7,7,YouTube,https://www.youtube.com/watch?v=1RM5cO1znfc,42537.0,4683.0,651.0
7,8,8,YouTube,https://www.youtube.com/watch?v=PuGvRDzqQEM,65555.0,6635.0,1043.0
8,9,9,YouTube,https://www.youtube.com/watch?v=jsWsKgie53o,62250.0,5421.0,789.0
9,10,10,YouTube,https://www.youtube.com/watch?v=rMx0QJ9bPhs,43794.0,6128.0,764.0
10,11,11,YouTube,https://www.youtube.com/watch?v=tCSMF8AJs5o,30090.0,2974.0,443.0
11,12,12,YouTube,https://www.youtube.com/watch?v=ATSdF7R6vBo,46699.0,3824.0,548.0
12,13,13,YouTube,https://www.youtube.com/watch?v=6RlUWND2h98,32784.0,3067.0,367.0
13,14,14,YouTube,https://www.youtube.com/watch?v=ASBRtaH4E_g,81948.0,4100.0,477.0
14,15,15,YouTube,https://www.youtube.com/watch?v=OI4Xv4AlEeQ,25928.0,2374.0,260.0
15,16,16,YouTube,https://www.youtube.com/watch?v=bwlrtfurKpI,35404.0,2860.0,400.0
16,17,17,YouTube,https://www.youtube.com/watch?v=AUvEdOiK8IM,34678.0,3270.0,492.0
17,18,18,YouTube,https://www.youtube.com/watch?v=Zu2Bf_fjToc,50643.0,4562.0,678.0
18,19,19,YouTube,https://www.youtube.com/watch?v=Wnx8lnWzYBk,34465.0,3477.0,437.0
19,20,20,YouTube,https://www.youtube.com/watch?v=KxXiCLFiHSI,60812.0,5559.0,709.0
20,21,21,YouTube,https://www.youtube.com/watch?v=8cZZTypsFjM,40210.0,4725.0,897.0
21,22,22,YouTube,https://www.youtube.com/watch?v=hzMFfj1uKy0,49125.0,5122.0,941.0
22,23,23,YouTube,https://www.youtube.com/watch?v=tcbbOIzRIUQ,90772.0,6602.0,1489.0
23,24,24,YouTube,https://www.youtube.com/watch?v=jLmD9P2zrvc,67173.0,5558.0,1012.0
24,25,25,YouTube,https://www.youtube.com/watch?v=CwGiLAU4fFw,55290.0,4694.0,592.0
25,26,26,YouTube,https://www.youtube.com/watch?v=a_D6VrkxFnQ,53619.0,4478.0,601.0
26,27,27,YouTube,https://www.youtube.com/watch?v=Fvh30wzfAsU,73165.0,6666.0,1393.0
27,28,28,YouTube,https://www.youtube.com/watch?v=oO6PP4sF5_w,109749.0,7924.0,1694.0
28,29,29,YouTube,https://www.youtube.com/watch?v=ZzvS6-a3kHs,238823.0,10959.0,2163.0
29,30,30,YouTube,https://www.youtube.com/watch?v=-cjGsEjlr2s,37969.0,2781.0,279.0
30,31,31,YouTube,https://www.youtube.com/watch?v=bBijqfNs6vA,22019.0,1997.0,267.0
31,32,32,YouTube,https://www.youtube.com/watch?v=xfEAVM_tY-0,31149.0,2244.0,287.0
32,33,33,YouTube,https://www.youtube.com/watch?v=c4xCxzjwzoQ,39015.0,3249.0,362.0
33,34,34,YouTube,https://www.youtube.com/watch?v=ClW9SwGKfWM,16309.0,1450.0,150.0
34,35,35,YouTube,https://www.youtube.com/watch?v=pynafWnJJSY,18013.0,1585.0,165.0
35,36,36,YouTube,https://www.youtube.com/watch?v=QbZljpzXaR8,21362.0,1816.0,192.0
36,37,37,YouTube,https://www.youtube.com/watch?v=8q6cK0k3-uw,33725.0,2740.0,339.0
37,38,38,YouTube,https://www.youtube.com/watch?v=cA7k-WCjsHs,28792.0,2159.0,298.0
38,39,39,YouTube,https://www.youtube.com/watch?v=860F2shYGMk,29582.0,2771.0,400.0
39,40,40,YouTube,https://www.youtube.com/watch?v=0v8A9m0IOPM,22456.0,2188.0,299.0
40,41,41,YouTube,https://www.youtube.com/watch?v=RpwJSoU6pb4,30013.0,2986.0,461.0
41,42,42,YouTube,https://www.youtube.com/watch?v=iaJIKj1xzdI,135215.0,10088.0,1059.0
42,43,43,YouTube,https://www.youtube.com/watch?v=d_68b-PeQ04,119826.0,7226.0,1043.0
43,44,44,YouTube,https://www.youtube.com/watch?v=wOtA1JNKFbc,37625.0,3626.0,564.0
44,45,45,YouTube,https://www.youtube.com/watch?v=lMvc5NvnHRQ,38684.0,3664.0,464.0
45,46,46,YouTube,https://www.youtube.com/watch?v=Az0Dg8EvsxY,70134.0,5744.0,893.0
46,47,47,YouTube,https://www.youtube.com/watch?v=lugpidFr2iU,74516.0,4891.0,831.0
47,48,48,YouTube,https://www.youtube.com/watch?v=lgJWzfLyNsU,64195.0,4606.0,761.0
48,49,49,YouTube,https://www.youtube.com/watch?v=r_35xRl1RMM,180691.0,10994.0,1950.0
49,50,50,YouTube,https://www.youtube.com/watch?v=YhPYNHX80DY,135449.0,7888.0,835.0
50,51,51,YouTube,https://www.youtube.com/watch?v=Ts7JxrkHUEE,76734.0,4382.0,718.0
51,52,52,YouTube,https://www.youtube.com/watch?v=HV_Ck-x2nAk,66690.0,5076.0,970.0
52,53,53,YouTube,https://www.youtube.com/watch?v=eMJpE0ESBf0,29732.0,2675.0,421.0
53,54,54,YouTube,https://www.youtube.com/watch?v=k2ZJvIRnoM0,188273.0,11623.0,1228.0
54,55,55,YouTube,https://www.youtube.com/watch?v=6_dGOg8Yr3w,46410.0,4362.0,709.0
55,56,56,YouTube,https://www.youtube.com/watch?v=_TmgznNmgEs,42890.0,3830.0,507.0
56,57,57,YouTube,https://www.youtube.com/watch?v=sgA9XUHC7Jg,71155.0,4514.0,666.0
57,58,58,YouTube,https://www.youtube.com/watch?v=_dPhsIlWwbo,105002.0,5282.0,895.0
58,59,59,YouTube,https://www.youtube.com/watch?v=vACYvqhZ32I,57611.0,3821.0,588.0
59,60,60,YouTube,https://www.youtube.com/watch?v=UePIPBGw2L4,51507.0,3597.0,424.0
60,61,61,YouTube,https://www.youtube.com/watch?v=Cl6WbG13oyk,46336.0,3291.0,396.0
61,62,62,YouTube,https://www.youtube.com/watch?v=oFFel_d8kZM,50922.0,3441.0,383.0
62,63,63,YouTube,https://www.youtube.com/watch?v=5a2PKBZnKso,69080.0,4378.0,461.0
63,64,64,YouTube,https://www.youtube.com/watch?v=FAQWyd_2s8M,44655.0,3013.0,333.0
64,65,65,YouTube,https://www.youtube.com/watch?v=VuJ8YBL8m_s,47413.0,3086.0,338.0
65,66,66,YouTube,https://www.youtube.com/watch?v=dEDHcFHF2dE,132303.0,4730.0,531.0
66,67,67,YouTube,https://www.youtube.com/watch?v=yBC_seMbEBk,55756.0,4053.0,559.0
67,68,68,YouTube,https://www.youtube.com/watch?v=C2adIV9kabM,58996.0,4355.0,611.0
68,69,69,YouTube,https://www.youtube.com/watch?v=IgHFFRylAGo,99335.0,6604.0,1126.0
69,70,70,YouTube,https://www.youtube.com/watch?v=ji5ITlCxsYc,191942.0,10227.0,825.0
70,71,71,YouTube,https://www.youtube.com/watch?v=AhgT7QzJxqE,992573.0,30523.0,2873.0
71,72,72,YouTube,https://www.youtube.com/watch?v=E1dyamPqPN4,802733.0,15397.0,1811.0
72,73,73,YouTube,https://www.youtube.com/watch?v=ZYxeXAikEHE,338137.0,16134.0,2411.0
73,74,74,YouTube,https://www.youtube.com/watch?v=lLGkgHai66E,2444232.0,37201.0,3763.0
74,75,75,YouTube,https://www.youtube.com/watch?v=Aq38sJGjVJM,169709.0,6735.0,645.0
75,76,76,YouTube,https://www.youtube.com/watch?v=JOJh7nBVg4k,2758001.0,42990.0,5629.0
76,77,77,YouTube,https://www.youtube.com/watch?v=L-5VJD8nUyg,58469.0,4038.0,468.0
77,78,78,YouTube,https://www.youtube.com/watch?v=b5HR7I--J_c,189832.0,9142.0,1095.0
78,79,79,YouTube,https://www.youtube.com/watch?v=oXJ0V1ZCVzo,35907.0,2804.0,388.0
79,80,80,YouTube,https://www.youtube.com/watch?v=udF6xhtT0v0,20145.0,1240.0,140.0
80,81,81,YouTube,https://www.youtube.com/watch?v=J1UULPDyiT0,48858.0,2187.0,290.0
81,82,82,YouTube,https://www.youtube.com/watch?v=Mqtk7F5mB5g,112173.0,7652.0,1223.0
82,83,83,YouTube,https://www.youtube.com/watch?v=avR7X9dWZOk,55856.0,4012.0,548.0
83,84,84,YouTube,https://www.youtube.com/watch?v=GzX62gORR7g,59015.0,3729.0,431.0
84,85,85,YouTube,https://www.youtube.com/watch?v=sCvf1-DFL50,66101.0,5297.0,855.0
85,86,86,YouTube,https://www.youtube.com/watch?v=Ruft7T9zi_0,39676.0,3742.0,545.0
86,87,87,YouTube,https://www.youtube.com/watch?v=YBLA7oGF5ME,238112.0,7450.0,1029.0
87,88,88,YouTube,https://www.youtube.com/watch?v=n7GCgIQFJtE,143328.0,5617.0,778.0
88,89,89,YouTube,https://www.youtube.com/watch?v=GE_V1QBGkTc,241373.0,10378.0,2401.0
89,90,90,YouTube,https://www.youtube.com/watch?v=7542SXJI2E8,42834.0,2906.0,381.0
90,91,91,YouTube,https://www.youtube.com/watch?v=QFrN-FbFbh4,52559.0,2923.0,295.0
91,92,92,YouTube,https://www.youtube.com/watch?v=3PApTvvG7f0,45640.0,2542.0,291.0
92,93,93,YouTube,https://www.youtube.com/watch?v=RYck4pV_BN0,75314.0,5613.0,857.0
93,94,94,YouTube,https://www.youtube.com/watch?v=3xPmlym6_7k,39716.0,3031.0,402.0
94,95,95,YouTube,https://www.youtube.com/watch?v=OVenndOCkCw,127401.0,4292.0,658.0
95,96,96,YouTube,https://www.youtube.com/watch?v=9jSR_muyNjo,885150.0,17107.0,1868.0
96,97,97,YouTube,https://www.youtube.com/watch?v=tLhkfTa-AOo,110738.0,6754.0,1017.0
97,98,98,YouTube,https://www.youtube.com/watch?v=SrhZikJUz4k,91522.0,3948.0,380.0
98,99,99,YouTube,https://www.youtube.com/watch?v=CRnefmmWVaE,68525.0,4287.0,529.0
99,100,100,YouTube,https://www.youtube.com/watch?v=ShSUektDEJE,81457.0,4474.0,420.0
100,101,101,YouTube,https://www.youtube.com/watch?v=SPPxUWzrFJY,103760.0,6381.0,840.0
101,102,102,YouTube,https://www.youtube.com/watch?v=z2yMhQ4959I,61286.0,3977.0,465.0
102,103,103,YouTube,https://www.youtube.com/watch?v=45OAkUByuxg,83654.0,4724.0,643.0
103,104,104,YouTube,https://www.youtube.com/watch?v=F4PNHREHQhA,229226.0,7496.0,1091.0
104,105,105,YouTube,https://www.youtube.com/watch?v=ABWvALmg69k,99876.0,6381.0,807.0
105,106,106,YouTube,https://www.youtube.com/watch?v=6TaRu_D0fHQ,73145.0,4784.0,659.0
106,107,107,YouTube,https://www.youtube.com/watch?v=Epf50u18vG0,387949.0,10640.0,939.0
107,108,108,YouTube,https://www.youtube.com/watch?v=xNEj0zb8A6k,73255.0,4443.0,521.0
108,109,109,YouTube,https://www.youtube.com/watch?v=2NAuSb_EcGA,97088.0,4874.0,685.0
109,110,110,YouTube,https://www.youtube.com/watch?v=MkNvaubb4oU,89901.0,8365.0,1429.0
110,111,111,YouTube,https://www.youtube.com/watch?v=QM0ORT0UWOU,428658.0,13932.0,2642.0
111,112,112,YouTube,https://www.youtube.com/watch?v=RBxz794_YE8,1445454.0,33765.0,4815.0
112,113,113,YouTube,https://www.youtube.com/watch?v=1xGWgvUTYb0,309261.0,11883.0,1411.0
113,114,114,YouTube,https://www.youtube.com/watch?v=tLwcxU5c7vE,179577.0,7747.0,1028.0
114,115,115,YouTube,https://www.youtube.com/watch?v=avtT5mqA7rc,818875.0,13843.0,1649.0
115,116,116,YouTube,https://www.youtube.com/watch?v=qKbbj9B1JNY,1860040.0,37240.0,4055.0
116,117,117,YouTube,https://www.youtube.com/watch?v=IskSr5Qxhuk,713750.0,24221.0,6620.0
117,118,118,YouTube,https://www.youtube.com/watch?v=RU6vwg69VHI,160487.0,5914.0,589.0
118,119,119,YouTube,https://www.youtube.com/watch?v=_FmoPiNOlj8,204437.0,9342.0,1440.0
119,120,120,YouTube,https://www.youtube.com/watch?v=sa8ccKGDZss,90669.0,5207.0,651.0
120,121,121,YouTube,https://www.youtube.com/watch?v=0XsGRNovYR0,94747.0,5799.0,574.0
121,122,122,YouTube,https://www.youtube.com/watch?v=JZ3_dB8PbHI,49072.0,5935.0,239.0
122,123,123,YouTube,https://www.youtube.com/watch?v=R90uhFoJmaY,166688.0,5750.0,748.0
123,124,124,YouTube,https://www.youtube.com/watch?v=gNjoqDs6QPs,165188.0,4919.0,623.0
124,125,125,YouTube,https://www.youtube.com/watch?v=9_LYsGqaEgw,125272.0,4046.0,469.0
125,126,126,YouTube,https://www.youtube.com/watch?v=WRrmrnXGsfM,104617.0,2121.0,250.0
126,127,127,YouTube,https://www.youtube.com/watch?v=3G9iFykeF0U,130989.0,5177.0,616.0
127,128,128,YouTube,https://www.youtube.com/watch?v=2OfztWnM8RM,113032.0,3841.0,516.0
128,129,129,YouTube,https://www.youtube.com/watch?v=E8b7a6ii19o,228940.0,4733.0,563.0
129,130,130,YouTube,https://www.youtube.com/watch?v=k6VXnlmPZx4,201135.0,5194.0,635.0
130,131,131,YouTube,https://www.youtube.com/watch?v=GjndVMgdcww,305476.0,6959.0,1036.0
131,132,132,YouTube,https://www.youtube.com/watch?v=E3xv6yBexFU,83652.0,1719.0,202.0
132,133,133,YouTube,https://www.youtube.com/watch?v=ceY237ojE1g,90109.0,2082.0,221.0
133,134,134,YouTube,https://www.youtube.com/watch?v=rg3hYejIpNA,149940.0,2486.0,298.0
134,135,135,YouTube,https://www.youtube.com/watch?v=gCtHyE1Mst4,129541.0,3838.0,515.0
135,136,136,YouTube,https://www.youtube.com/watch?v=GI6ja5Sv1U0,276532.0,6080.0,723.0
136,137,137,YouTube,https://www.youtube.com/watch?v=iCl0VZOfHVo,614492.0,18325.0,2750.0
137,138,138,YouTube,https://www.youtube.com/watch?v=0woQYGkmGY8,359713.0,13739.0,1614.0
138,139,139,YouTube,https://www.youtube.com/watch?v=wFQ_iJGI75Q,129810.0,8584.0,1175.0
139,140,140,YouTube,https://www.youtube.com/watch?v=uvuGnUam5pY,208303.0,8482.0,1215.0
140,141,141,YouTube,https://www.youtube.com/watch?v=B56NkfxbeaU,3700723.0,49419.0,4667.0
141,142,142,YouTube,https://www.youtube.com/watch?v=VLQQqLPm84E,340451.0,16133.0,1590.0
142,143,143,YouTube,https://www.youtube.com/watch?v=hUfsKHAGDJA,1625700.0,26037.0,2176.0
143,144,144,YouTube,https://www.youtube.com/watch?v=RFeKmgGWjNw,195645.0,7903.0,1274.0
144,145,145,YouTube,https://www.youtube.com/watch?v=PdvwipjfrSk,106299.0,5687.0,714.0
145,146,146,YouTube,https://www.youtube.com/watch?v=eBnQDoIMPnU,301173.0,11495.0,1127.0
146,147,147,YouTube,https://www.youtube.com/watch?v=CljLFsFBDbs,76580.0,5026.0,512.0
147,148,148,YouTube,https://www.youtube.com/watch?v=tr-iGAdYnJE,77560.0,5567.0,692.0
148,149,149,YouTube,https://www.youtube.com/watch?v=MRCX1pjWxeY,202072.0,7792.0,1064.0
149,150,150,YouTube,https://www.youtube.com/watch?v=2l1vPZX6yu8,3034809.0,42303.0,2881.0
150,151,151,YouTube,https://www.youtube.com/watch?v=ZPJ9ey1bvDg,279181.0,9822.0,1369.0
151,152,152,YouTube,https://www.youtube.com/watch?v=HvQrvYqFTt8,209804.0,8529.0,840.0
152,153,153,YouTube,https://www.youtube.com/watch?v=grg764eQfK8,221567.0,9658.0,1266.0
153,154,154,YouTube,https://www.youtube.com/watch?v=1NhSRaRexCU,140623.0,5260.0,631.0
154,155,155,YouTube,https://www.youtube.com/watch?v=clqPCNxjvNQ,64371.0,4242.0,389.0
155,156,156,YouTube,https://www.youtube.com/watch?v=PlN2srbwZpM,121906.0,4657.0,502.0
156,157,157,YouTube,https://www.youtube.com/watch?v=qyuIE4LeE4w,116384.0,3923.0,424.0
157,158,158,YouTube,https://www.youtube.com/watch?v=eViRtP4wkMc,80219.0,4295.0,456.0
158,159,159,YouTube,https://www.youtube.com/watch?v=zCxkiNEgIcY,253446.0,6039.0,525.0
159,160,160,YouTube,https://www.youtube.com/watch?v=5uDVFDfWido,123981.0,4284.0,570.0
160,161,161,YouTube,https://www.youtube.com/watch?v=BKK4ZKq9nFw,114814.0,5298.0,723.0
161,162,162,YouTube,https://www.youtube.com/watch?v=FgJTbS1k5dk,108417.0,4450.0,420.0
162,163,163,YouTube,https://www.youtube.com/watch?v=yCFRFchUD0g,91976.0,3704.0,442.0
163,164,164,YouTube,https://www.youtube.com/watch?v=5goeqraGqi8,145745.0,4479.0,486.0
164,165,165,YouTube,https://www.youtube.com/watch?v=nw2lJPfcD-M,1137817.0,17774.0,1420.0
165,166,166,YouTube,https://www.youtube.com/watch?v=hgfbKXbUkLo,78424.0,4350.0,557.0
166,167,167,YouTube,https://www.youtube.com/watch?v=yge4ajaxWns,321311.0,7345.0,873.0
167,168,168,YouTube,https://www.youtube.com/watch?v=C8fgvKORULc,71694.0,5080.0,553.0
168,169,169,YouTube,https://www.youtube.com/watch?v=plO0v7lJjvM,177774.0,7747.0,943.0
169,170,170,YouTube,https://www.youtube.com/watch?v=1yBkWpzFB7g,431288.0,14707.0,1525.0
170,171,171,YouTube,https://www.youtube.com/watch?v=4TXeGu_pj5o,419660.0,7595.0,1067.0
171,172,172,YouTube,https://www.youtube.com/watch?v=y2rvaD47Vyk,89097.0,5125.0,552.0
172,173,173,YouTube,https://www.youtube.com/watch?v=BGxphPXOtNY,119206.0,5074.0,867.0
173,174,174,YouTube,https://www.youtube.com/watch?v=j7NmX22Avco,127489.0,6462.0,831.0
174,175,175,YouTube,https://www.youtube.com/watch?v=-B9r-sqe3Dc,105095.0,5657.0,807.0
175,176,176,YouTube,https://www.youtube.com/watch?v=F-5SbpZ_6B4,13006.0,1020.0,84.0
176,177,177,YouTube,https://www.youtube.com/watch?v=9OqAm7KRK1I,12540.0,980.0,41.0
177,178,178,YouTube,https://www.youtube.com/watch?v=dUdOxlYtrfQ,18551.0,2173.0,89.0
178,179,179,YouTube,https://www.youtube.com/watch?v=DLgdRL504xw,68570.0,4356.0,598.0
179,180,180,YouTube,https://www.youtube.com/watch?v=kBOMfqBtvcg,102221.0,4712.0,702.0
180,181,181,YouTube,https://www.youtube.com/watch?v=r4ce2gX2Fy0,81950.0,4266.0,506.0
181,182,182,YouTube,https://www.youtube.com/watch?v=MRRyX-mIrsw,79452.0,3411.0,331.0
182,183,183,YouTube,https://www.youtube.com/watch?v=77_q_aXiPGE,121161.0,4253.0,493.0
183,184,184,YouTube,https://www.youtube.com/watch?v=ZF6qb62pTlo,80721.0,4504.0,475.0
184,185,185,YouTube,https://www.youtube.com/watch?v=rPHz-pSJN9Y,88462.0,4582.0,812.0
185,186,186,YouTube,https://www.youtube.com/watch?v=UPHHPI5ZPdk,49945.0,3293.0,422.0
186,187,187,YouTube,https://www.youtube.com/watch?v=g8togSnPy4A,68245.0,4999.0,680.0
187,188,188,YouTube,https://www.youtube.com/watch?v=Y0ggkGARrPo,153295.0,8394.0,1043.0
188,189,189,YouTube,https://www.youtube.com/watch?v=Q9rKXtPOsYA,550497.0,15028.0,1949.0
189,190,190,YouTube,https://www.youtube.com/watch?v=QIWx1DkzQZs,374139.0,11217.0,1031.0
190,191,191,YouTube,https://www.youtube.com/watch?v=2Xh2jovTqVc,647006.0,17139.0,1807.0
191,192,192,YouTube,https://www.youtube.com/watch?v=Qp3MhStUHTw,304081.0,11201.0,1362.0
192,193,193,YouTube,https://www.youtube.com/watch?v=GildpBTxFSM,83916.0,3415.0,394.0
193,194,194,YouTube,https://www.youtube.com/watch?v=O00rmvQkC98,126700.0,4069.0,568.0
194,195,195,YouTube,https://www.youtube.com/watch?v=2fFb2ye53tk,51671.0,2753.0,340.0
195,196,196,YouTube,https://www.youtube.com/watch?v=7DJgDqtdfyc,55866.0,2618.0,277.0
196,197,197,YouTube,https://www.youtube.com/watch?v=-MvwvDruh2I,95809.0,3948.0,476.0
197,198,198,YouTube,https://www.youtube.com/watch?v=tAvWPKG7-pE,56978.0,2574.0,278.0
198,199,199,YouTube,https://www.youtube.com/watch?v=Wi6So5AE2OI,68266.0,3766.0,431.0
199,200,200,YouTube,https://www.youtube.com/watch?v=pHiv5ohq1eg,79190.0,3049.0,344.0
200,201,201,YouTube,https://www.youtube.com/watch?v=gxZUEv1fbzQ,76865.0,3536.0,402.0
201,202,202,YouTube,https://www.youtube.com/watch?v=pMczrcGtFt4,38008.0,2777.0,176.0
202,203,203,YouTube,https://www.youtube.com/watch?v=c1Zxg9mfsIc,392363.0,14668.0,2006.0
203,204,204,YouTube,https://www.youtube.com/watch?v=JdHAjIlQbOg,45512.0,3049.0,409.0
204,205,205,YouTube,https://www.youtube.com/watch?v=hk3GMZFiMkQ,305238.0,6822.0,769.0
205,206,206,YouTube,https://www.youtube.com/watch?v=c5Y8co9XSQM,119045.0,5672.0,781.0
206,207,207,YouTube,https://www.youtube.com/watch?v=ObqGHkoTuUw,54164.0,3632.0,518.0
207,208,208,YouTube,https://www.youtube.com/watch?v=PmJ5kbcUeCk,45280.0,3322.0,482.0
208,209,209,YouTube,https://www.youtube.com/watch?v=kMda0tgxiD0,66193.0,4059.0,519.0
209,210,210,YouTube,https://www.youtube.com/watch?v=2lCTj5dQTVM,162793.0,7297.0,821.0
210,211,211,YouTube,https://www.youtube.com/watch?v=jZQBP7aK7yA,53015.0,3815.0,453.0
211,212,212,YouTube,https://www.youtube.com/watch?v=P_zzzbdOyVg,59495.0,3971.0,438.0
212,213,213,YouTube,https://www.youtube.com/watch?v=jRym2QGGvtI,74491.0,4531.0,636.0
213,214,214,YouTube,https://www.youtube.com/watch?v=jpjL4ua4Sk8,76889.0,4656.0,746.0
214,215,215,YouTube,https://www.youtube.com/watch?v=tI8w2HkvuK0,364501.0,13012.0,1722.0
215,216,216,YouTube,https://www.youtube.com/watch?v=O-jtsm5kpWk,108663.0,4524.0,630.0
216,217,217,YouTube,https://www.youtube.com/watch?v=FUUuMltIhXE,66551.0,4325.0,586.0
217,218,218,YouTube,https://www.youtube.com/watch?v=etgAIUFa3cE,126082.0,5646.0,630.0
218,219,219,YouTube,https://www.youtube.com/watch?v=SrsKN2Pp0NI,273938.0,11725.0,1246.0
219,220,220,YouTube,https://www.youtube.com/watch?v=5tXyF12ZalA,87310.0,4197.0,366.0
220,221,221,YouTube,https://www.youtube.com/watch?v=IaAfNw6mkso,69211.0,4618.0,602.0
221,222,222,YouTube,https://www.youtube.com/watch?v=huSXVMIfsD8,56173.0,3274.0,275.0
222,223,223,YouTube,https://www.youtube.com/watch?v=5BfoawaaARc,108472.0,5332.0,598.0
223,224,224,YouTube,https://www.youtube.com/watch?v=DYTFx5vZ8yM,118163.0,4442.0,542.0
224,225,225,YouTube,https://www.youtube.com/watch?v=MPN6u4fbEfo,117979.0,6333.0,823.0
225,226,226,YouTube,https://www.youtube.com/watch?v=JTyp9niijy4,21948.0,1709.0,127.0
226,227,227,YouTube,https://www.youtube.com/watch?v=6XKgz4BSCn0,379379.0,17960.0,4319.0
227,228,228,YouTube,https://www.youtube.com/watch?v=MmO_66WbLMM,60485.0,5637.0,597.0
228,229,229,YouTube,https://www.youtube.com/watch?v=RDpGXrMGXBE,61865.0,4965.0,403.0
229,230,230,YouTube,https://www.youtube.com/watch?v=HWsUaUPSaxo,89625.0,5792.0,553.0
230,231,231,YouTube,https://www.youtube.com/watch?v=rT7VnoTKAJY,41946.0,2560.0,166.0
231,232,232,YouTube,https://www.youtube.com/watch?v=nP_WzVQCx3A,40326.0,2297.0,199.0
232,233,233,YouTube,https://www.youtube.com/watch?v=0P820Gcokhg,29317.0,1811.0,160.0
233,234,234,YouTube,https://www.youtube.com/watch?v=ciQN_mjb8Tw,25796.0,1966.0,125.0
234,235,235,YouTube,https://www.youtube.com/watch?v=gObjgBTcWGw,24900.0,1880.0,165.0
235,236,236,YouTube,https://www.youtube.com/watch?v=Vt6GpoPmSs0,49354.0,2603.0,207.0
236,237,237,YouTube,https://www.youtube.com/watch?v=baW6FxIbgCg,57209.0,2839.0,345.0
237,238,238,YouTube,https://www.youtube.com/watch?v=DlX3NNVObh8,25428.0,1876.0,152.0
238,239,239,YouTube,https://www.youtube.com/watch?v=c__TnQb9f5I,35165.0,2842.0,324.0
239,240,240,YouTube,https://www.youtube.com/watch?v=DyBAfTUIkyQ,19390.0,1793.0,173.0
240,241,241,YouTube,https://www.youtube.com/watch?v=AMmp1fRB__k,59277.0,3573.0,443.0
241,242,242,YouTube,https://www.youtube.com/watch?v=hbekw-IywZk,89524.0,6221.0,867.0
242,243,243,YouTube,https://www.youtube.com/watch?v=y0ej6jyEa_w,216838.0,7815.0,876.0
243,244,244,YouTube,https://www.youtube.com/watch?v=MA9z0p6SwoQ,98599.0,6435.0,851.0
244,245,245,YouTube,https://www.youtube.com/watch?v=17DiB6_i18M,174002.0,7846.0,926.0
245,246,246,YouTube,https://www.youtube.com/watch?v=ytS8v5vKlpM,496866.0,11300.0,1041.0
246,247,247,YouTube,https://www.youtube.com/watch?v=EejQpsFDvDk,119556.0,6860.0,1033.0
247,248,248,YouTube,https://www.youtube.com/watch?v=svWIru5Z6-k,172074.0,8230.0,929.0
248,249,249,YouTube,https://www.youtube.com/watch?v=IGPpYlFPZyg,355424.0,9474.0,1103.0
249,250,250,YouTube,https://www.youtube.com/watch?v=eWsWgfJXDwI,160726.0,8839.0,1151.0
250,251,251,YouTube,https://www.youtube.com/watch?v=UgPjpvdpHW4,302805.0,11025.0,1167.0
251,252,252,YouTube,https://www.youtube.com/watch?v=vhgWhaWJTi0,174905.0,7823.0,788.0
252,253,253,YouTube,https://www.youtube.com/watch?v=mIWtvZt-keI,193351.0,10623.0,1046.0
253,254,254,YouTube,https://www.youtube.com/watch?v=8v5KcjxHRss,1310498.0,29545.0,2432.0
254,255,255,YouTube,https://www.youtube.com/watch?v=3w0Wtv8NCSg,672199.0,16222.0,1083.0
255,256,256,YouTube,https://www.youtube.com/watch?v=WMRfgQf6q7s,26549521.0,200863.0,18724.0
256,257,257,YouTube,https://www.youtube.com/watch?v=B447HCN6-jc,46781.0,3849.0,207.0
257,258,258,YouTube,https://www.youtube.com/watch?v=5uCsfuaFrsw,426995.0,15865.0,1551.0
258,259,259,YouTube,https://www.youtube.com/watch?v=SeCmnHhCP74,904824.0,16719.0,1847.0
259,260,260,YouTube,https://www.youtube.com/watch?v=va-Of5DU8Os,260695.0,8682.0,504.0
260,261,261,YouTube,https://www.youtube.com/watch?v=oRpVByLdUVo,2014144.0,30729.0,2332.0
261,262,262,YouTube,https://www.youtube.com/watch?v=PwuVwmm2y2E,56386.0,3574.0,447.0
262,263,263,YouTube,https://www.youtube.com/watch?v=94OJtx1XACU,69871.0,3780.0,366.0
263,264,264,YouTube,https://www.youtube.com/watch?v=-wqzd4wHKtU,41482.0,2609.0,247.0
264,265,265,YouTube,https://www.youtube.com/watch?v=Ubw-QmenB_Y,47542.0,3321.0,381.0
265,266,266,YouTube,https://www.youtube.com/watch?v=njcQWyrOlzU,102157.0,5327.0,683.0
266,267,267,YouTube,https://www.youtube.com/watch?v=gXj-V8C215k,38956.0,3049.0,425.0
267,268,268,YouTube,https://www.youtube.com/watch?v=9pNyeOTE-9U,97667.0,5121.0,854.0
268,269,269,YouTube,https://www.youtube.com/watch?v=6TSCEWBNl-c,875252.0,15609.0,981.0
269,270,270,YouTube,https://www.youtube.com/watch?v=A3NbOMOivkY,54075.0,3393.0,424.0
270,271,271,YouTube,https://www.youtube.com/watch?v=6_tTfh1bqPc,102752.0,5493.0,721.0
271,272,272,YouTube,https://www.youtube.com/watch?v=j7cRF64QXE4,69076.0,4112.0,389.0
272,273,273,YouTube,https://www.youtube.com/watch?v=PqMGMwti6pw,34413.0,1853.0,133.0
273,274,274,YouTube,https://www.youtube.com/watch?v=3lCgm4fjdHY,363181.0,7995.0,952.0
274,275,275,YouTube,https://www.youtube.com/watch?v=VzQSlnbAQhk,174877.0,6128.0,818.0
275,276,276,YouTube,https://www.youtube.com/watch?v=2ddXZvdpGrc,126781.0,6669.0,1276.0
276,277,277,YouTube,https://www.youtube.com/watch?v=Nrcp2tXO9WQ,386132.0,11264.0,747.0
277,278,278,YouTube,https://www.youtube.com/watch?v=uvHW1TWkn9Q,111523.0,5241.0,279.0
278,279,279,YouTube,https://www.youtube.com/watch?v=LomAlGfpB6c,217393.0,7719.0,566.0
279,280,280,YouTube,https://www.youtube.com/watch?v=x-OrZOQhFVE,78536.0,4757.0,325.0
280,281,281,YouTube,https://www.youtube.com/watch?v=zsKN05ELUzY,69282.0,3434.0,285.0
281,282,282,YouTube,https://www.youtube.com/watch?v=Jet-2aXw8MM,69196.0,3517.0,299.0
282,283,283,YouTube,https://www.youtube.com/watch?v=jhTJN3AyLKo,93908.0,4210.0,413.0
283,284,284,YouTube,https://www.youtube.com/watch?v=Pfe7kOE6R3Y,118071.0,5116.0,473.0
284,285,285,YouTube,https://www.youtube.com/watch?v=eSeWWfH-ULA,102200.0,4776.0,494.0
285,286,286,YouTube,https://www.youtube.com/watch?v=UiGuDC6KkqE,107684.0,5386.0,620.0
286,287,287,YouTube,https://www.youtube.com/watch?v=BiQxlGbGK60,791146.0,17705.0,2200.0
287,288,288,YouTube,https://www.youtube.com/watch?v=My6-jwhMvps,63876.0,3368.0,676.0
288,289,289,YouTube,https://www.youtube.com/watch?v=QBfvSKu6aOU,364034.0,11617.0,1216.0
289,290,290,YouTube,https://www.youtube.com/watch?v=71JbP4EcNtE,118211.0,4781.0,698.0
290,291,291,YouTube,https://www.youtube.com/watch?v=UK9_cdb1O9E,180750.0,4917.0,523.0
291,292,292,YouTube,https://www.youtube.com/watch?v=lTCkayO3YNE,55855.0,3257.0,496.0
292,293,293,YouTube,https://www.youtube.com/watch?v=zE99njOURqc,968754.0,17219.0,1202.0
293,294,294,YouTube,https://www.youtube.com/watch?v=13Mvf1H4By8,396226.0,11441.0,1180.0
294,295,295,YouTube,https://www.youtube.com/watch?v=HbrVo68mT3A,38945.0,2736.0,351.0
295,296,296,YouTube,https://www.youtube.com/watch?v=DSme85Zm_Fg,39608.0,2819.0,225.0
296,297,297,YouTube,https://www.youtube.com/watch?v=IFYFHyJF8-I,46514.0,3043.0,426.0
297,298,298,YouTube,https://www.youtube.com/watch?v=R5G2AjrIVRo,35550.0,2513.0,277.0
298,299,299,YouTube,https://www.youtube.com/watch?v=7l46MzUBkeI,48274.0,3151.0,362.0
299,300,300,YouTube,https://www.youtube.com/watch?v=cexyMxCHiDg,63551.0,3077.0,327.0
300,301,301,YouTube,https://www.youtube.com/watch?v=Pqx-LxXkDug,277210.0,10095.0,969.0
301,302,302,YouTube,https://www.youtube.com/watch?v=f5KFGK_xGbU,277268.0,10615.0,1147.0
302,303,303,YouTube,https://www.youtube.com/watch?v=wDmvHb34A60,48089.0,3103.0,379.0
303,304,304,YouTube,https://www.youtube.com/watch?v=hbIeknVmCYE,43888.0,2819.0,270.0
304,305,305,YouTube,https://www.youtube.com/watch?v=eQz0J3i2ybo,68159.0,3283.0,444.0
305,306,306,YouTube,https://www.youtube.com/watch?v=0TiDhnr9vpw,41436.0,2578.0,331.0
306,307,307,YouTube,https://www.youtube.com/watch?v=DHSGWgtUikc,44105.0,2986.0,395.0
307,308,308,YouTube,https://www.youtube.com/watch?v=-7fSm6CnU9Y,44590.0,2851.0,432.0
308,309,309,YouTube,https://www.youtube.com/watch?v=DttkK2ub67k,41237.0,2469.0,212.0
309,310,310,YouTube,https://www.youtube.com/watch?v=ufaBewpq02Q,50623.0,3083.0,398.0
310,311,311,YouTube,https://www.youtube.com/watch?v=ynGj5v37sSg,33059.0,2353.0,185.0
311,312,312,YouTube,https://www.youtube.com/watch?v=yhFwwmNbOaw,21749.0,1976.0,221.0
312,313,313,YouTube,https://www.youtube.com/watch?v=QDklRpis6xI,56793.0,3091.0,363.0
313,314,314,YouTube,https://www.youtube.com/watch?v=cHNktg9iXjU,67561.0,4180.0,651.0
314,315,315,YouTube,https://www.youtube.com/watch?v=bAxtgfq6jFc,40997.0,3119.0,472.0
315,316,316,YouTube,https://www.youtube.com/watch?v=aaoezKbmkok,52523.0,3472.0,495.0
316,317,317,YouTube,https://www.youtube.com/watch?v=8ieOSoqbEss,1045934.0,23150.0,3717.0
317,318,318,YouTube,https://www.youtube.com/watch?v=ulVmrdn4fzU,85541.0,3739.0,759.0
318,319,319,YouTube,https://www.youtube.com/watch?v=fYnUA3v0c50,42314.0,2343.0,336.0
319,320,320,YouTube,https://www.youtube.com/watch?v=CCjM6wi4F6U,62304.0,3027.0,400.0
320,321,321,YouTube,https://www.youtube.com/watch?v=J5oF3vTsihA,135498.0,4938.0,1163.0
321,322,322,YouTube,https://www.youtube.com/watch?v=fSOdOlI_pUI,58407.0,3146.0,413.0
322,323,323,YouTube,https://www.youtube.com/watch?v=7fUwukMCwxs,70784.0,3457.0,475.0
323,324,324,YouTube,https://www.youtube.com/watch?v=APr11IVga1U,77656.0,3846.0,542.0
324,325,325,YouTube,https://www.youtube.com/watch?v=UtV0uYjp8sM,305125.0,10479.0,1140.0
325,326,326,YouTube,https://www.youtube.com/watch?v=cvXnJaJSdxM,83687.0,4347.0,522.0
326,327,327,YouTube,https://www.youtube.com/watch?v=STT2gdx3aBE,79853.0,3849.0,451.0
327,328,328,YouTube,https://www.youtube.com/watch?v=0Kdp-PR7gW4,188280.0,7829.0,1472.0
328,329,329,YouTube,https://www.youtube.com/watch?v=XcncVsoY560,180857.0,9150.0,721.0
329,330,330,YouTube,https://www.youtube.com/watch?v=Yz3PUGWR4LI,70165.0,4733.0,673.0
330,331,331,YouTube,https://www.youtube.com/watch?v=8FJgrHB0he4,95820.0,4379.0,773.0
331,332,332,YouTube,https://www.youtube.com/watch?v=ovR4QBxEqmA,326310.0,8772.0,1348.0
332,333,333,YouTube,https://www.youtube.com/watch?v=TdZM-ztHPTs,184446.0,7927.0,777.0
333,334,334,YouTube,https://www.youtube.com/watch?v=HUU-PBk0Eck,957817.0,19746.0,2060.0
334,335,335,YouTube,https://www.youtube.com/watch?v=5wSSfHgTLAM,215899.0,11848.0,1368.0
335,336,336,YouTube,https://www.youtube.com/watch?v=MJAG22jze2I,120941.0,4616.0,516.0
336,337,337,YouTube,https://www.youtube.com/watch?v=ZNsknkzDJac,34911.0,2864.0,307.0
337,338,338,YouTube,https://www.youtube.com/watch?v=0K6UPjXHif8,73882.0,4680.0,555.0
338,339,339,YouTube,https://www.youtube.com/watch?v=eDXmpz6WOpM,479484.0,19194.0,2452.0
339,340,340,YouTube,https://www.youtube.com/watch?v=Ccen2aH5rv4,338016.0,11555.0,1271.0
340,341,341,YouTube,https://www.youtube.com/watch?v=_Gt6Yya_NQ4,115316.0,7051.0,531.0
341,342,342,YouTube,https://www.youtube.com/watch?v=5puDfoSsJx0,83728.0,5014.0,582.0
342,343,343,YouTube,https://www.youtube.com/watch?v=yB6Ce4zbuzs,118844.0,5688.0,910.0
343,344,344,YouTube,https://www.youtube.com/watch?v=K-Z2bg3lg9o,152226.0,7373.0,977.0
344,345,345,YouTube,https://www.youtube.com/watch?v=lDwVchRZwzc,238478.0,9620.0,803.0
345,346,346,YouTube,https://www.youtube.com/watch?v=MpsBg72DFQs,189312.0,7711.0,1384.0
346,347,347,YouTube,https://www.youtube.com/watch?v=XHYE7hp6faA,54727.0,3429.0,490.0
347,348,348,YouTube,https://www.youtube.com/watch?v=VH9WO4qiq4A,66068.0,4260.0,663.0
348,349,349,YouTube,https://www.youtube.com/watch?v=pQh8iOtVqMM,112819.0,5848.0,991.0
349,350,350,YouTube,https://www.youtube.com/watch?v=Uf4vffGub-w,766151.0,18001.0,1418.0
350,351,351,YouTube,https://www.youtube.com/watch?v=CX6QjAk2HDM,121288.0,6343.0,948.0
351,352,352,YouTube,https://www.youtube.com/watch?v=v0-RTMu2meg,74979.0,5317.0,832.0
352,353,353,YouTube,https://www.youtube.com/watch?v=_pmXldEDJ0k,174522.0,6168.0,495.0
353,354,354,YouTube,https://www.youtube.com/watch?v=E28ApsMBxAo,626861.0,18304.0,1607.0
354,355,355,YouTube,https://www.youtube.com/watch?v=tfg5b2LRRxg,348958.0,13884.0,1267.0
355,356,356,YouTube,https://www.youtube.com/watch?v=xqugwfEIcAQ,552776.0,13979.0,1069.0
356,357,357,YouTube,https://www.youtube.com/watch?v=rFEX9wmdbdE,2637385.0,46500.0,5269.0
357,358,358,YouTube,https://www.youtube.com/watch?v=vAN6Rzqmiwo,4579296.0,68882.0,5334.0
358,359,359,YouTube,https://www.youtube.com/watch?v=ssJiuZmv6lg,55197.0,2948.0,305.0
359,360,360,YouTube,https://www.youtube.com/watch?v=51hHrLsZg6o,71033.0,4435.0,556.0
360,361,361,YouTube,https://www.youtube.com/watch?v=3ffKZK8n1oo,2243155.0,41222.0,4038.0
361,362,362,YouTube,https://www.youtube.com/watch?v=Xp2uRSbJQp0,538610.0,10978.0,1187.0
362,363,363,YouTube,https://www.youtube.com/watch?v=lFvHRHpVFlc,107288.0,6338.0,649.0
363,364,364,YouTube,https://www.youtube.com/watch?v=U3g7N1FLqQY,67756.0,3190.0,365.0
364,365,365,YouTube,https://www.youtube.com/watch?v=M1KfjYc3Axw,49558.0,3407.0,401.0
365,366,366,YouTube,https://www.youtube.com/watch?v=hxEnGO2L1qA,36441.0,3012.0,357.0
366,367,367,YouTube,https://www.youtube.com/watch?v=ixtTQUWm_a8,131945.0,5046.0,686.0
367,368,368,YouTube,https://www.youtube.com/watch?v=1JHaHwQwmFM,50482.0,3621.0,496.0
368,369,369,YouTube,https://www.youtube.com/watch?v=iHlLzY6hTVw,49661.0,3693.0,578.0
369,370,370,YouTube,https://www.youtube.com/watch?v=gkD5Tf0YLlU,135718.0,5434.0,702.0
370,371,371,YouTube,https://www.youtube.com/watch?v=Jna5C1Z3ccw,654310.0,24288.0,2000.0
371,372,372,YouTube,https://www.youtube.com/watch?v=2XjgPfH-O-w,49537.0,3401.0,292.0
372,373,373,YouTube,https://www.youtube.com/watch?v=ijnbYQQsj6Y,75438.0,4809.0,823.0
373,374,374,YouTube,https://www.youtube.com/watch?v=0BnTWQ4eMiU,130537.0,6507.0,880.0
374,375,375,YouTube,https://www.youtube.com/watch?v=xleNXe5D33E,145921.0,6978.0,1213.0
375,376,376,YouTube,https://www.youtube.com/watch?v=6pEwPdNSmcs,84092.0,5576.0,852.0
376,377,377,YouTube,https://www.youtube.com/watch?v=LjpWzgPgGuc,98200.0,6215.0,924.0
377,378,378,YouTube,https://www.youtube.com/watch?v=NE6taFPAvcw,168952.0,8701.0,982.0
378,379,379,YouTube,https://www.youtube.com/watch?v=8il2ID62230,179649.0,7521.0,1048.0
379,380,380,YouTube,https://www.youtube.com/watch?v=aT8_vs3jgQk,123663.0,5516.0,754.0
380,381,381,YouTube,https://www.youtube.com/watch?v=VlhfCiQmFYs,96440.0,4751.0,534.0
381,382,382,YouTube,https://www.youtube.com/watch?v=vmshPLRkh2A,287929.0,9017.0,931.0
382,383,383,YouTube,https://www.youtube.com/watch?v=Ytj6Ebmn-w0,109005.0,5304.0,563.0
383,384,384,YouTube,https://www.youtube.com/watch?v=VqUMBygSsvE,71229.0,3178.0,380.0
384,385,385,YouTube,https://www.youtube.com/watch?v=ee-VQbLb8rA,69113.0,4201.0,0.0
385,386,386,YouTube,https://www.youtube.com/watch?v=aiFq3Kr6NAE,236365.0,9914.0,908.0
386,387,387,YouTube,https://www.youtube.com/watch?v=k2Ji9lnaQXQ,66294.0,4217.0,679.0
387,388,388,YouTube,https://www.youtube.com/watch?v=x0FlSeir0dQ,882075.0,20161.0,2507.0
388,389,389,YouTube,https://www.youtube.com/watch?v=fGGJxAUfCLA,169515.0,7323.0,859.0
389,390,390,YouTube,https://www.youtube.com/watch?v=eRFqPM1dXfA,102973.0,4711.0,918.0
390,391,391,YouTube,https://www.youtube.com/watch?v=HgJVI9PLWls,71912.0,3915.0,577.0
391,392,392,YouTube,https://www.youtube.com/watch?v=qg0Lt-MW7No,59570.0,3131.0,473.0
392,393,393,YouTube,https://www.youtube.com/watch?v=q3YjqWJkdmQ,76920.0,3808.0,478.0
393,394,394,YouTube,https://www.youtube.com/watch?v=QoI83AFDrNs,82341.0,3771.0,608.0
394,395,395,YouTube,https://www.youtube.com/watch?v=Kvela07pYDg,158880.0,6515.0,809.0
395,396,396,YouTube,https://www.youtube.com/watch?v=1MntvNfvPSE,101100.0,3987.0,338.0
396,397,397,YouTube,https://www.youtube.com/watch?v=Od_BWrMVsVg,92463.0,3904.0,345.0
397,398,398,YouTube,https://www.youtube.com/watch?v=hkXffvPxQzY,114998.0,3860.0,325.0
398,399,399,YouTube,https://www.youtube.com/watch?v=rOj2z_qzi-o,49387.0,2589.0,253.0
399,400,400,YouTube,https://www.youtube.com/watch?v=wzt40fMCRXQ,67390.0,3729.0,398.0
400,401,401,YouTube,https://www.youtube.com/watch?v=RNlH5JVBKyk,83916.0,3073.0,256.0
401,402,402,YouTube,https://www.youtube.com/watch?v=vlFdD8zsw_M,58919.0,3051.0,300.0
402,403,403,YouTube,https://www.youtube.com/watch?v=E0D_9myiJAE,76427.0,3885.0,575.0
403,404,404,YouTube,https://www.youtube.com/watch?v=_nAdp_FlCMc,97748.0,4088.0,324.0
404,405,405,YouTube,https://www.youtube.com/watch?v=Q6cVCv8F-JY,63311.0,3214.0,211.0
405,406,406,YouTube,https://www.youtube.com/watch?v=S_ZOVODSbZg,31824.0,2470.0,266.0
406,407,407,YouTube,https://www.youtube.com/watch?v=4FmqDo-bpmg,144727.0,4458.0,424.0
407,408,408,YouTube,https://www.youtube.com/watch?v=DttrAodr7QU,90562.0,3750.0,479.0
408,409,409,YouTube,https://www.youtube.com/watch?v=2gQwa5m6is8,80176.0,3508.0,570.0
409,410,410,YouTube,https://www.youtube.com/watch?v=a5p4QOAFU9Q,506904.0,11910.0,1041.0
410,411,411,YouTube,https://www.youtube.com/watch?v=Nx3xMk50dfg,286132.0,6706.0,1869.0
411,412,412,YouTube,https://www.youtube.com/watch?v=BmMeBYPyNUE,92575.0,4048.0,445.0
412,413,413,YouTube,https://www.youtube.com/watch?v=wBz7qKFLpLA,23560.0,1350.0,51.0
413,414,414,YouTube,https://www.youtube.com/watch?v=n7jyiEA2GcY,285211.0,8191.0,577.0
414,415,415,YouTube,https://www.youtube.com/watch?v=Tn1Q-HPYrps,68625.0,3045.0,338.0
415,416,416,YouTube,https://www.youtube.com/watch?v=IjShAeR06nY,61770.0,2518.0,181.0
416,417,417,YouTube,https://www.youtube.com/watch?v=dsRbC7d-0kk,19162.0,1054.0,119.0
417,418,418,YouTube,https://www.youtube.com/watch?v=JC0F6vXCc2Y,103210.0,4609.0,452.0
418,419,419,YouTube,https://www.youtube.com/watch?v=tf-aJebQRnI,105025.0,3830.0,360.0
419,420,420,YouTube,https://www.youtube.com/watch?v=aGrr2yjOvmo,450234.0,14087.0,1391.0
420,421,421,YouTube,https://www.youtube.com/watch?v=MPLrMfx87ok,982150.0,18345.0,1685.0
421,422,422,YouTube,https://www.youtube.com/watch?v=VMoNWc8uqgQ,71476.0,3389.0,302.0
422,423,423,YouTube,https://www.youtube.com/watch?v=qSI6jKLhA3o,1216196.0,21302.0,1547.0
423,424,424,YouTube,https://www.youtube.com/watch?v=xgAjCMxK9Vo,100687.0,3508.0,364.0
424,425,425,YouTube,https://www.youtube.com/watch?v=mOTEGqfg33c,49261.0,2258.0,213.0
425,426,426,YouTube,https://www.youtube.com/watch?v=MVWgxgQxjP0,56205.0,2689.0,307.0
426,427,427,YouTube,https://www.youtube.com/watch?v=Ppkswqlk2Uw,62602.0,2313.0,310.0
427,428,428,YouTube,https://www.youtube.com/watch?v=r_thS61JVIw,3008167.0,29227.0,2227.0
428,429,429,YouTube,https://www.youtube.com/watch?v=El-w7O5Z6UE,2654394.0,28967.0,1884.0
429,430,430,YouTube,https://www.youtube.com/watch?v=2GxjoACMZm0,47121.0,2044.0,187.0
430,431,431,YouTube,https://www.youtube.com/watch?v=oW7FSkgL9PU,102306.0,3376.0,420.0
431,432,432,YouTube,https://www.youtube.com/watch?v=7STx827y4qw,30693.0,1742.0,234.0
432,433,433,YouTube,https://www.youtube.com/watch?v=zw5ekmXgNLU,17171.0,794.0,68.0
433,434,434,YouTube,https://www.youtube.com/watch?v=vpgZwI8X1aI,39695.0,2611.0,294.0
434,435,435,YouTube,https://www.youtube.com/watch?v=KyBA5CNGsJA,37483.0,2048.0,239.0
435,436,436,YouTube,https://www.youtube.com/watch?v=U_Apq8tcnAk,290749.0,6489.0,468.0
436,437,437,YouTube,https://www.youtube.com/watch?v=BeXqII4E09c,481563.0,8487.0,989.0
437,438,438,YouTube,https://www.youtube.com/watch?v=UzxSNgs_0SM,7183475.0,49478.0,3355.0
438,439,439,YouTube,https://www.youtube.com/watch?v=CVvQcJdzARI,52792.0,1761.0,211.0
439,440,440,YouTube,https://www.youtube.com/watch?v=OC6SwS8rerU,153149.0,4158.0,687.0
440,441,441,YouTube,https://www.youtube.com/watch?v=LzOown8uOj4,53804.0,2044.0,253.0
441,442,442,YouTube,https://www.youtube.com/watch?v=b5-z5PpssMk,189662.0,3826.0,460.0
442,443,443,YouTube,https://www.youtube.com/watch?v=sRKc7vu3kRY,136055.0,3775.0,406.0
443,444,444,YouTube,https://www.youtube.com/watch?v=TJHdguTg7zo,88704.0,2501.0,196.0
444,445,445,YouTube,https://www.youtube.com/watch?v=MyWolOCQUO8,109778.0,3345.0,343.0
445,446,446,YouTube,https://www.youtube.com/watch?v=dli7mA4Xt9k,119591.0,2922.0,321.0
446,447,447,YouTube,https://www.youtube.com/watch?v=nLzN9Jg2s7M,208864.0,3823.0,412.0
447,448,448,YouTube,https://www.youtube.com/watch?v=HDo_ua6AaDM,120579.0,2673.0,300.0
448,449,449,YouTube,https://www.youtube.com/watch?v=lApA1q0II-Q,66458.0,2279.0,293.0
449,450,450,YouTube,https://www.youtube.com/watch?v=2Yyd2ROSIGk,569604.0,11547.0,989.0
450,451,451,YouTube,https://www.youtube.com/watch?v=Y6I9x0H_ihs,36312.0,1696.0,230.0
451,452,452,YouTube,https://www.youtube.com/watch?v=9s2eCWGOGC4,79838.0,2711.0,460.0
452,453,453,YouTube,https://www.youtube.com/watch?v=dw3QB2kKfk4,256814.0,5229.0,1123.0
453,454,454,YouTube,https://www.youtube.com/watch?v=zt5IpTUzH7g,72159.0,2426.0,328.0
454,455,455,YouTube,https://www.youtube.com/watch?v=liV8Kd-vXk8,69203.0,2017.0,239.0
455,456,456,YouTube,https://www.youtube.com/watch?v=LHrkrnN3oTw,311480.0,6553.0,665.0
456,457,457,YouTube,https://www.youtube.com/watch?v=1Pj_fqayH0c,90501.0,3051.0,607.0
457,458,458,YouTube,https://www.youtube.com/watch?v=Lyo91SlAAOo,88891.0,2208.0,320.0
458,459,459,YouTube,https://www.youtube.com/watch?v=77CGj4JswCc,65669.0,1749.0,294.0
459,460,460,YouTube,https://www.youtube.com/watch?v=BR8LE-_HfVg,35869.0,1271.0,130.0
460,461,461,YouTube,https://www.youtube.com/watch?v=-g59Yqrs9hE,33053.0,1251.0,238.0
461,462,462,YouTube,https://www.youtube.com/watch?v=bWpxdN5tf70,119805.0,2806.0,340.0
462,463,463,YouTube,https://www.youtube.com/watch?v=WizzzaRGcxc,182456.0,4908.0,376.0
463,464,464,YouTube,https://www.youtube.com/watch?v=moVz1a9gG3Y,341143.0,7274.0,839.0
464,465,465,YouTube,https://www.youtube.com/watch?v=ylvjGT43dTE,617669.0,7522.0,580.0
465,466,466,YouTube,https://www.youtube.com/watch?v=fjR2TqZMPdU,25544.0,1138.0,100.0
466,467,467,YouTube,https://www.youtube.com/watch?v=NVQ7NSoe7LE,45327.0,1429.0,153.0
467,468,468,YouTube,https://www.youtube.com/watch?v=L7mCYF9ieZo,34847.0,1256.0,220.0
468,469,469,YouTube,https://www.youtube.com/watch?v=W1rYbfgArXg,39953.0,1364.0,187.0
469,470,470,YouTube,https://www.youtube.com/watch?v=_Bq7nXPlF7k,24550.0,1029.0,115.0
470,471,471,YouTube,https://www.youtube.com/watch?v=bxOyf3QzgME,84136.0,2218.0,357.0
471,472,472,YouTube,https://www.youtube.com/watch?v=3ODTZSovmJU,31938.0,1202.0,171.0
472,473,473,YouTube,https://www.youtube.com/watch?v=5m6deXtihWM,54204.0,1434.0,202.0
473,474,474,YouTube,https://www.youtube.com/watch?v=1ERzvYIj8-g,119201.0,2324.0,216.0
474,475,475,YouTube,https://www.youtube.com/watch?v=JR2gpmR_uK0,207896.0,3509.0,487.0
475,476,476,YouTube,https://www.youtube.com/watch?v=vT6OSwn19Sg,151342.0,3295.0,414.0
476,477,477,YouTube,https://www.youtube.com/watch?v=DZq918rz0xQ,1299178.0,12220.0,706.0
477,478,478,YouTube,https://www.youtube.com/watch?v=aTnX7gT5lHw,39790.0,1234.0,149.0
478,479,479,YouTube,https://www.youtube.com/watch?v=7sDcsFLrI68,709795.0,11933.0,989.0
479,480,480,YouTube,https://www.youtube.com/watch?v=vu07kYplgJs,174699.0,3270.0,305.0
480,481,481,YouTube,https://www.youtube.com/watch?v=qMa93kA8FZE,28009.0,1400.0,187.0
481,482,482,YouTube,https://www.youtube.com/watch?v=fRHgH_M7dUo,659070.0,7906.0,681.0
482,483,483,YouTube,https://www.youtube.com/watch?v=pttJ6QUNW7c,339159.0,6319.0,803.0
483,484,484,YouTube,https://www.youtube.com/watch?v=_CEh0gefKns,1354210.0,21370.0,1930.0
484,485,485,YouTube,https://www.youtube.com/watch?v=Z-qI3AwLIlc,443003.0,5148.0,389.0
485,486,486,YouTube,https://www.youtube.com/watch?v=37tkdGvaMmg,73796.0,2724.0,352.0
486,487,487,YouTube,https://www.youtube.com/watch?v=dnoHVF6Ovz0,98736.0,3016.0,226.0
487,488,488,YouTube,https://www.youtube.com/watch?v=Hyf-_lJPV0k,290303.0,5574.0,753.0
488,489,489,YouTube,https://www.youtube.com/watch?v=GkYpIPEx290,154789.0,2680.0,314.0
489,490,490,YouTube,https://www.youtube.com/watch?v=eBpbuy176Mo,51425.0,1332.0,172.0
490,491,491,YouTube,https://www.youtube.com/watch?v=XAlR2nP7VIw,44488.0,1197.0,132.0
491,492,492,YouTube,https://www.youtube.com/watch?v=ziSlp0w33rU,68243.0,1928.0,210.0
492,493,493,YouTube,https://www.youtube.com/watch?v=h0SWZYfpWfg,1005267.0,10919.0,975.0
493,494,494,YouTube,https://www.youtube.com/watch?v=ACJ222f9iSc,40397.0,1758.0,235.0
494,495,495,YouTube,https://www.youtube.com/watch?v=lkXUyZC044A,55363.0,1631.0,211.0
495,496,496,YouTube,https://www.youtube.com/watch?v=AlPJpiklo54,16849022.0,83337.0,4514.0
496,497,497,YouTube,https://www.youtube.com/watch?v=icG2TF4_hac,411205.0,6165.0,447.0
497,498,498,YouTube,https://www.youtube.com/watch?v=qIQE1QtFCDk,295779.0,5980.0,803.0
498,499,499,YouTube,https://www.youtube.com/watch?v=qLvSMOSRE8w,76260.0,1880.0,308.0
499,500,500,YouTube,https://www.youtube.com/watch?v=pTT6fd4CHP4,260802.0,6457.0,551.0
500,501,501,YouTube,https://www.youtube.com/watch?v=vpKHJQEgDOM,125228.0,4320.0,500.0
501,502,502,YouTube,https://www.youtube.com/watch?v=_LO52m2Arx0,79666.0,1443.0,203.0
502,503,503,YouTube,https://www.youtube.com/watch?v=Ci-8s8mB23A,226919.0,2999.0,442.0
503,504,504,YouTube,https://www.youtube.com/watch?v=pf30CNH9xlE,27389.0,924.0,143.0
504,505,505,YouTube,https://www.youtube.com/watch?v=CcC8KMpqnHw,276649.0,5509.0,986.0
505,506,506,YouTube,https://www.youtube.com/watch?v=CLFy_zSZZyk,700959.0,11523.0,1179.0
506,507,507,YouTube,https://www.youtube.com/watch?v=DANSGDJcIJw,53617.0,1097.0,146.0
507,508,508,YouTube,https://www.youtube.com/watch?v=_qmZ9hdKsD4,14011.0,610.0,70.0
508,509,509,YouTube,https://www.youtube.com/watch?v=lUVLz3crF_g,13625.0,394.0,40.0
509,510,510,YouTube,https://www.youtube.com/watch?v=ABm6Kjw_iMY,6052750.0,34894.0,1806.0
510,511,511,YouTube,https://www.youtube.com/watch?v=meO5kDKEbYE,56366.0,1124.0,132.0
511,512,512,YouTube,https://www.youtube.com/watch?v=ndAq4hielno,26604.0,704.0,75.0
512,513,513,YouTube,https://www.youtube.com/watch?v=BbXOY4b52Ds,1341627.0,8251.0,1063.0
513,514,514,YouTube,https://www.youtube.com/watch?v=l0IU2VkhTXw,79687.0,1321.0,147.0
514,515,515,YouTube,https://www.youtube.com/watch?v=Wv9hYmGU5UM,202477.0,3415.0,307.0
515,516,516,YouTube,https://www.youtube.com/watch?v=IV4PdMlscNs,265977.0,5251.0,497.0
516,517,517,YouTube,https://www.youtube.com/watch?v=oo5qV3MO_QM,19590.0,448.0,50.0
517,518,518,YouTube,https://www.youtube.com/watch?v=KGzNJ_L7-TY,6508.0,218.0,24.0
518,519,519,YouTube,https://www.youtube.com/watch?v=h-XMl8eOIUg,134343.0,1701.0,157.0
519,520,520,YouTube,https://www.youtube.com/watch?v=PXHYQTziSNk,22867.0,834.0,132.0
520,521,521,YouTube,https://www.youtube.com/watch?v=_iRmYqLVpo8,34914.0,762.0,105.0
521,522,522,YouTube,https://www.youtube.com/watch?v=8LuOEtS8oSw,36357.0,837.0,74.0
522,523,523,YouTube,https://www.youtube.com/watch?v=A9lFP46CvTw,34456.0,848.0,93.0
523,524,524,YouTube,https://www.youtube.com/watch?v=W_8SLxLT3VU,290514.0,3185.0,344.0
524,525,525,YouTube,https://www.youtube.com/watch?v=ESTqv_2uZCw,22451.0,740.0,108.0
525,526,526,YouTube,https://www.youtube.com/watch?v=2BnoV5WGQ1M,2860487.0,39750.0,4246.0
526,527,527,YouTube,https://www.youtube.com/watch?v=mmAhDC1uRhY,387928.0,4711.0,493.0
527,528,528,YouTube,https://www.youtube.com/watch?v=JWFpb3Du1Ao,61712.0,1061.0,209.0
528,529,529,YouTube,https://www.youtube.com/watch?v=wMbApIj8Rg0,68280.0,1255.0,242.0
529,530,530,YouTube,https://www.youtube.com/watch?v=SH6AHsuTOhA,47266.0,792.0,126.0
530,531,531,YouTube,https://www.youtube.com/watch?v=vtuRrdEL2Zc,43664.0,851.0,98.0
531,532,532,YouTube,https://www.youtube.com/watch?v=l9eqR8YL4qk,48616.0,919.0,143.0
532,533,533,YouTube,https://www.youtube.com/watch?v=DIM7tZqv_HA,110962.0,2011.0,247.0
533,534,534,YouTube,https://www.youtube.com/watch?v=9atLAqZjACE,17871.0,465.0,51.0
534,535,535,YouTube,https://www.youtube.com/watch?v=ZO5xsNLnIPk,58073.0,983.0,182.0
535,536,536,YouTube,https://www.youtube.com/watch?v=ncbRWf0aG4M,296924.0,3610.0,866.0
536,537,537,YouTube,https://www.youtube.com/watch?v=iZLlcZhYrkU,150819.0,1696.0,245.0
537,538,538,YouTube,https://www.youtube.com/watch?v=rjJx67H2J4A,99525.0,1452.0,145.0
538,539,539,YouTube,https://www.youtube.com/watch?v=m7n4RbRMioU,51014.0,777.0,71.0
539,540,540,YouTube,https://www.youtube.com/watch?v=sJv_aqRyR7Y,13310265.0,49392.0,2563.0
540,541,541,YouTube,https://www.youtube.com/watch?v=gKWgiGj5j28,10380.0,201.0,14.0
541,542,542,YouTube,https://www.youtube.com/watch?v=v0Z47pCSVVU,54267.0,734.0,119.0
542,543,543,YouTube,https://www.youtube.com/watch?v=UMhRUDEFIeE,577996.0,7243.0,554.0
543,544,544,YouTube,https://www.youtube.com/watch?v=-3mNIhlCJwI,106449.0,1681.0,132.0
544,545,545,YouTube,https://www.youtube.com/watch?v=Y35lOFFG-u0,234284.0,3774.0,212.0
545,546,546,YouTube,https://www.youtube.com/watch?v=COPnNwGYC1s,314603.0,6388.0,311.0
546,547,547,YouTube,https://www.youtube.com/watch?v=wE8PdNzWcIY,29308.0,631.0,47.0
547,548,548,YouTube,https://www.youtube.com/watch?v=cyqfmfODwZ8,154234.0,2489.0,184.0
548,549,549,YouTube,https://www.youtube.com/watch?v=makjYfkqQEk,136270.0,2321.0,252.0
549,550,550,YouTube,https://www.youtube.com/watch?v=YTS6nWB_f2w,684039.0,7096.0,605.0
550,551,551,YouTube,https://www.youtube.com/watch?v=z8IQhUXL7h4,46344.0,651.0,64.0
551,552,552,YouTube,https://www.youtube.com/watch?v=ThfI9q57y-k,9855.0,208.0,20.0
552,553,553,YouTube,https://www.youtube.com/watch?v=VCikxv79fwE,9711.0,274.0,9.0
553,554,554,YouTube,https://www.youtube.com/watch?v=QDpO3I2szM0,23512.0,818.0,129.0
554,555,555,YouTube,https://www.youtube.com/watch?v=IFYVNGZl6dE,49302.0,1036.0,87.0
555,556,556,YouTube,https://www.youtube.com/watch?v=CJ9EibL4MYQ,80288.0,1252.0,297.0
556,557,557,YouTube,https://www.youtube.com/watch?v=MocWqx9Agm8,233135.0,2552.0,205.0
557,558,558,YouTube,https://www.youtube.com/watch?v=9wVOZUsAiF4,156909.0,2057.0,342.0
558,559,559,YouTube,https://www.youtube.com/watch?v=lEcJBZKljnk,63569.0,1113.0,271.0
559,560,560,YouTube,https://www.youtube.com/watch?v=x4kH_XbQoN4,56284.0,966.0,285.0
560,561,561,YouTube,https://www.youtube.com/watch?v=7hb6WVdpzc0,90419.0,1257.0,177.0
561,562,562,YouTube,https://www.youtube.com/watch?v=I70nd6Htbvs,60829.0,812.0,69.0
562,563,563,YouTube,https://www.youtube.com/watch?v=2Al7EuF8z_0,17922.0,311.0,17.0
563,564,564,YouTube,https://www.youtube.com/watch?v=JgRxSm1FoGo,23452.0,519.0,28.0
564,565,565,YouTube,https://www.youtube.com/watch?v=WiCXrh63Cu8,14638.0,321.0,26.0
565,566,566,YouTube,https://www.youtube.com/watch?v=Y9yesTeX0WE,8821.0,156.0,11.0
566,567,567,YouTube,https://www.youtube.com/watch?v=uP_gdHeoCcI,62855.0,895.0,47.0
567,568,568,YouTube,https://www.youtube.com/watch?v=ydlbaR77bUw,47556.0,519.0,21.0
568,569,569,YouTube,https://www.youtube.com/watch?v=nAOILgKm8vQ,1936061.0,16458.0,894.0
569,570,570,YouTube,https://www.youtube.com/watch?v=pHHREVc5ZO8,21146.0,332.0,52.0
570,571,571,YouTube,https://www.youtube.com/watch?v=_VxWsLwkUPc,846322.0,8933.0,603.0
571,572,572,YouTube,https://www.youtube.com/watch?v=upy4BCXiY48,436921.0,3993.0,292.0
572,573,573,YouTube,https://www.youtube.com/watch?v=ozkmrhaSsvQ,20904.0,315.0,32.0
573,574,574,YouTube,https://www.youtube.com/watch?v=NGzPEBnXr_E,14593.0,232.0,29.0
574,575,575,YouTube,https://www.youtube.com/watch?v=b5PWNhxJPAg,12941.0,211.0,15.0
575,576,576,YouTube,https://www.youtube.com/watch?v=pvv_Oo4dqdE,20125.0,308.0,11.0
576,577,577,YouTube,https://www.youtube.com/watch?v=ez_oWG66lU0,33253.0,531.0,32.0
577,578,578,YouTube,https://www.youtube.com/watch?v=3BzGomVvvN4,69773.0,1034.0,98.0
578,579,579,YouTube,https://www.youtube.com/watch?v=J5z1m8lWqXY,181399.0,2534.0,184.0
579,580,580,YouTube,https://www.youtube.com/watch?v=vfLB1GJw7yg,13361.0,332.0,34.0
580,581,581,YouTube,https://www.youtube.com/watch?v=waVNspoy63g,69892.0,876.0,54.0
581,582,582,YouTube,https://www.youtube.com/watch?v=JI04FXFEu0o,2001190.0,16626.0,570.0
582,583,583,YouTube,https://www.youtube.com/watch?v=HUROCu6Eh2o,29707.0,549.0,20.0
583,584,584,YouTube,https://www.youtube.com/watch?v=4Gto6NWCJh4,8770.0,221.0,7.0
584,585,585,YouTube,https://www.youtube.com/watch?v=q90-a8LGICM,9522.0,178.0,10.0
585,586,586,YouTube,https://www.youtube.com/watch?v=kr0cGXNmnUs,26839.0,378.0,29.0
586,587,587,YouTube,https://www.youtube.com/watch?v=UZ1lkpnMGwU,17661.0,329.0,47.0
587,588,588,YouTube,https://www.youtube.com/watch?v=dH4IdgD_8q0,19866.0,320.0,31.0
588,589,589,YouTube,https://www.youtube.com/watch?v=5aGa_4XQkaU,28503.0,549.0,45.0
589,590,590,YouTube,https://www.youtube.com/watch?v=SkvuK5iJll8,12635.0,255.0,12.0
590,591,591,YouTube,https://www.youtube.com/watch?v=jMSPUi5FVtw,16279.0,335.0,19.0
591,592,592,YouTube,https://www.youtube.com/watch?v=VBqsFgUhb1w,76628.0,1069.0,60.0
592,593,593,YouTube,https://www.youtube.com/watch?v=r4pm4EpQeqs,11146.0,227.0,12.0
593,594,594,YouTube,https://www.youtube.com/watch?v=vECbj3Xf1Qc,281915.0,2533.0,213.0
594,595,595,YouTube,https://www.youtube.com/watch?v=cwwamvtSkAo,22281.0,413.0,40.0
595,596,596,YouTube,https://www.youtube.com/watch?v=aGOaHahIuog,23229.0,434.0,38.0
596,597,597,YouTube,https://www.youtube.com/watch?v=yAFuu38vrXY,30550.0,545.0,48.0
597,598,598,YouTube,https://www.youtube.com/watch?v=s7qYEG3k_XU,281462.0,3296.0,227.0
598,599,599,YouTube,https://www.youtube.com/watch?v=WMwNdQ-2uDU,47798.0,1019.0,109.0
599,600,600,YouTube,https://www.youtube.com/watch?v=_2tz_QazhzE,636962.0,6665.0,574.0
600,601,601,YouTube,https://www.youtube.com/watch?v=k2coF7KxgcM,5463228.0,30102.0,1577.0
601,602,602,YouTube,https://www.youtube.com/watch?v=GN4YWlXByM0,267912.0,2426.0,169.0
602,603,603,YouTube,https://www.youtube.com/watch?v=yn_-wk_Feok,594260.0,6187.0,439.0
603,604,604,YouTube,https://www.youtube.com/watch?v=IiIjGeqviVk,24572.0,420.0,55.0
604,605,605,YouTube,https://www.youtube.com/watch?v=nUGQWCJ_SY8,27651.0,554.0,57.0
605,606,606,YouTube,https://www.youtube.com/watch?v=Kr-eN9qRUaI,363329.0,4146.0,212.0
606,607,607,YouTube,https://www.youtube.com/watch?v=VE5udmvKd8A,49686.0,682.0,81.0
607,608,608,YouTube,https://www.youtube.com/watch?v=potwreTDn7I,61115.0,837.0,85.0
608,609,609,YouTube,https://www.youtube.com/watch?v=w4vvRqoTizw,58696.0,706.0,69.0
609,610,610,YouTube,https://www.youtube.com/watch?v=lIDDNi7htPI,348912.0,2706.0,183.0
610,611,611,YouTube,https://www.youtube.com/watch?v=-316vypF3zY,131815.0,1698.0,186.0
611,612,612,YouTube,https://www.youtube.com/watch?v=Shf5aNl2_UI,34608.0,572.0,57.0
612,613,613,YouTube,https://www.youtube.com/watch?v=_cL8xssEEZY,49139.0,613.0,31.0
613,614,614,YouTube,https://www.youtube.com/watch?v=ua-hHZh-56o,25674.0,489.0,43.0
614,615,615,YouTube,https://www.youtube.com/watch?v=ippbNF6fHVc,95766.0,1235.0,87.0
615,616,616,YouTube,https://www.youtube.com/watch?v=Ly27VTm1Whg,19124.0,374.0,55.0
616,617,617,YouTube,https://www.youtube.com/watch?v=29-QfHfSq08,169373.0,2282.0,240.0
617,618,618,YouTube,https://www.youtube.com/watch?v=QjOvZFMdgIc,1197982.0,9692.0,532.0
618,619,619,YouTube,https://www.youtube.com/watch?v=REPl6cmhSiY,288747.0,2421.0,182.0
619,620,620,YouTube,https://www.youtube.com/watch?v=ooZxgL4sZx4,45919.0,744.0,76.0
620,621,621,YouTube,https://www.youtube.com/watch?v=9ptC0TRculo,191250.0,2172.0,211.0
621,622,622,YouTube,https://www.youtube.com/watch?v=ID8-ym4dkxY,335669.0,4461.0,456.0
622,623,623,YouTube,https://www.youtube.com/watch?v=J8u5Yps5rxg,8307009.0,30339.0,1390.0
623,624,624,YouTube,https://www.youtube.com/watch?v=6Iyo_FoIODk,22561.0,330.0,15.0
624,625,625,YouTube,https://www.youtube.com/watch?v=zAL8Gb2WETM,27681.0,608.0,56.0
625,626,626,YouTube,https://www.youtube.com/watch?v=WnVhM7iwmPs,25780.0,463.0,66.0
626,627,627,YouTube,https://www.youtube.com/watch?v=bRctKVPNcwY,205562.0,2705.0,210.0
627,628,628,YouTube,https://www.youtube.com/watch?v=YVoB_qfw7X8,57384.0,901.0,85.0
628,629,629,YouTube,https://www.youtube.com/watch?v=s2lf0pxEzIo,47398.0,609.0,43.0
629,630,630,YouTube,https://www.youtube.com/watch?v=pCkGuf6OhEU,35376.0,516.0,40.0
630,631,631,YouTube,https://www.youtube.com/watch?v=trRqnGoH8yU,6843397.0,31678.0,1565.0
631,632,632,YouTube,https://www.youtube.com/watch?v=JihE78hD6Pc,31741.0,772.0,102.0
632,633,633,YouTube,https://www.youtube.com/watch?v=4j2kOXBsOeA,51250.0,1231.0,110.0
633,634,634,YouTube,https://www.youtube.com/watch?v=qurK91hKOj8,191838.0,1910.0,129.0
634,635,635,YouTube,https://www.youtube.com/watch?v=HMdsTl6jGEs,39434.0,508.0,45.0
635,636,636,YouTube,https://www.youtube.com/watch?v=l5gxXW-r0SM,20910.0,181.0,26.0
636,637,637,YouTube,https://www.youtube.com/watch?v=uXgfF2EPD9k,128435.0,1246.0,32.0
637,638,638,YouTube,https://www.youtube.com/watch?v=S5yfVrMkMwQ,209128.0,2191.0,124.0
638,639,639,YouTube,https://www.youtube.com/watch?v=3yYcVQMjvqw,87374.0,1852.0,227.0
639,640,640,YouTube,https://www.youtube.com/watch?v=o3pYb4EIamo,3110812.0,20607.0,1022.0
640,641,641,YouTube,https://www.youtube.com/watch?v=r7K_aVExDTs,714257.0,5298.0,356.0
641,642,642,YouTube,https://www.youtube.com/watch?v=WzYh-v010Kc,11435852.0,27619.0,1086.0
642,643,643,YouTube,https://www.youtube.com/watch?v=CslzH03A6Y4,103580.0,1860.0,203.0
643,644,644,YouTube,https://www.youtube.com/watch?v=YOcFHC_hccw,429251.0,3368.0,222.0
644,645,645,YouTube,https://www.youtube.com/watch?v=9WOrpbszcIk,19884699.0,87486.0,4084.0
645,646,646,YouTube,https://www.youtube.com/watch?v=QWUVncnTNNE,26073872.0,114436.0,5184.0
646,647,647,YouTube,https://www.youtube.com/watch?v=boPSJDQoVq4,55483.0,780.0,74.0
647,648,648,YouTube,https://www.youtube.com/watch?v=tlFjbHJPWpU,50140.0,695.0,40.0
648,649,649,YouTube,https://www.youtube.com/watch?v=qXLFJ9kJwpg,250669.0,1829.0,185.0
649,650,650,YouTube,https://www.youtube.com/watch?v=T_ILMDr3k5E,33130.0,436.0,55.0
650,651,651,YouTube,https://www.youtube.com/watch?v=ARdcPx16ARQ,60664.0,782.0,53.0
651,652,652,YouTube,https://www.youtube.com/watch?v=k_kII6jifeE,40653.0,437.0,54.0
652,653,653,YouTube,https://www.youtube.com/watch?v=V1mZyczeUbo,42545.0,622.0,37.0
653,654,654,YouTube,https://www.youtube.com/watch?v=dVhXkFTofF8,53180.0,836.0,54.0
654,655,655,YouTube,https://www.youtube.com/watch?v=PUiGB3t62XI,52507.0,586.0,36.0
655,656,656,YouTube,https://www.youtube.com/watch?v=qzo0qjmN_gU,97675.0,1071.0,57.0
656,657,657,YouTube,https://www.youtube.com/watch?v=u0Jqw2pOXY0,52643.0,976.0,63.0
657,658,658,YouTube,https://www.youtube.com/watch?v=8W3Pgl5nqoA,199623.0,1696.0,137.0
658,659,659,YouTube,https://www.youtube.com/watch?v=ZxZ2ufNWmCk,18574.0,302.0,28.0
659,660,660,YouTube,https://www.youtube.com/watch?v=V-evyi0BO3w,19531.0,235.0,14.0
660,661,661,YouTube,https://www.youtube.com/watch?v=NjYntWjrHBc,34285.0,520.0,30.0
661,662,662,YouTube,https://www.youtube.com/watch?v=dqGc5TsBOBw,20230.0,398.0,12.0
662,663,663,YouTube,https://www.youtube.com/watch?v=4I2BO8GKgzA,19125.0,369.0,23.0
663,664,664,YouTube,https://www.youtube.com/watch?v=KyZBs1p83iM,56534.0,513.0,40.0
664,665,665,YouTube,https://www.youtube.com/watch?v=3bJxnzjcYo8,17182.0,217.0,17.0
665,666,666,YouTube,https://www.youtube.com/watch?v=U0dt-ycPqZQ,5137.0,90.0,12.0
666,667,667,YouTube,https://www.youtube.com/watch?v=6thV6L9pMmw,27764.0,557.0,45.0
667,668,668,YouTube,https://www.youtube.com/watch?v=oRMUo04AQ8Y,285431.0,2377.0,64.0
668,669,669,YouTube,https://www.youtube.com/watch?v=fFQQV_hHKyo,45907.0,456.0,20.0
669,670,670,YouTube,https://www.youtube.com/watch?v=iswsh4cD6Cg,264537.0,2785.0,142.0
670,671,671,YouTube,https://www.youtube.com/watch?v=015Oxo_2Iz8,34156.0,639.0,55.0
671,672,672,YouTube,https://www.youtube.com/watch?v=FRHAaT_X6a0,498310.0,5881.0,421.0
672,673,673,YouTube,https://www.youtube.com/watch?v=EepzYnVgCmc,333742.0,3115.0,158.0
673,674,674,YouTube,https://www.youtube.com/watch?v=yl-2NypCP1w,21880.0,431.0,39.0
674,675,675,YouTube,https://www.youtube.com/watch?v=W93R6rA1MYE,873544.0,6621.0,361.0
675,676,676,YouTube,https://www.youtube.com/watch?v=ufIs8FEeD18,54116.0,648.0,21.0
676,677,677,YouTube,https://www.youtube.com/watch?v=gOrrsxkJS3M,17861.0,268.0,19.0
677,678,678,YouTube,https://www.youtube.com/watch?v=D1_EI0faMsA,44137.0,436.0,33.0
678,679,679,YouTube,https://www.youtube.com/watch?v=wkV8i8JnZ70,7905.0,139.0,9.0
679,680,680,YouTube,https://www.youtube.com/watch?v=vhrR7NOH-Ns,105321.0,1763.0,87.0
680,681,681,YouTube,https://www.youtube.com/watch?v=CVtXXtk-PGE,7967.0,102.0,4.0
681,682,682,YouTube,https://www.youtube.com/watch?v=rW8Ycm8uEVw,12516.0,226.0,11.0
682,683,683,YouTube,https://www.youtube.com/watch?v=2JDRLN0gIZg,9033.0,123.0,15.0
683,684,684,YouTube,https://www.youtube.com/watch?v=THvA1QwLl2s,80759.0,1243.0,102.0
684,685,685,YouTube,https://www.youtube.com/watch?v=8u-EajsmSn4,637405.0,5738.0,382.0
685,686,686,YouTube,https://www.youtube.com/watch?v=gbqXgOcOfHE,6467.0,116.0,15.0
686,687,687,YouTube,https://www.youtube.com/watch?v=E6AcbU3Z84k,15760.0,250.0,14.0
687,688,688,YouTube,https://www.youtube.com/watch?v=MBiIY1o4HEk,23053.0,299.0,25.0
688,689,689,YouTube,https://www.youtube.com/watch?v=PPf2CUOYnKw,61546.0,1027.0,85.0
689,690,690,YouTube,https://www.youtube.com/watch?v=EwJCxpU8kXc,8786.0,162.0,15.0
690,691,691,YouTube,https://www.youtube.com/watch?v=aZTB4639JuA,53989.0,1101.0,104.0
691,692,692,YouTube,https://www.youtube.com/watch?v=o7TqBJA2-Qo,25636.0,1067.0,126.0
692,693,693,YouTube,https://www.youtube.com/watch?v=dPyAZqbuXEk,10974.0,287.0,28.0
693,694,694,YouTube,https://www.youtube.com/watch?v=i1baWUGsuEQ,29028.0,780.0,61.0
694,695,695,YouTube,https://www.youtube.com/watch?v=fLhZlFZqDSI,9098.0,101.0,5.0
695,696,696,YouTube,https://www.youtube.com/watch?v=lRWfCSgl6E0,5230.0,159.0,10.0
696,697,697,YouTube,https://www.youtube.com/watch?v=okhc9BbKXV4,12913.0,267.0,23.0
697,698,698,YouTube,https://www.youtube.com/watch?v=v3_1oqcp9O8,80808.0,1316.0,61.0
698,699,699,YouTube,https://www.youtube.com/watch?v=9mYH-Eyabko,17974.0,189.0,11.0
699,700,700,YouTube,https://www.youtube.com/watch?v=MCnmVTRflkE,4823.0,109.0,7.0
700,701,701,YouTube,https://www.youtube.com/watch?v=zkMGMYVItws,8125.0,219.0,16.0
701,702,702,YouTube,https://www.youtube.com/watch?v=WQnt_6wUu5Y,31557.0,334.0,10.0
702,703,703,YouTube,https://www.youtube.com/watch?v=Xl17SPF3w1o,14901.0,209.0,17.0
703,704,704,YouTube,https://www.youtube.com/watch?v=BMQgnQ5ae8o,4133.0,72.0,5.0
704,705,705,YouTube,https://www.youtube.com/watch?v=IUn8YbRERws,9405.0,218.0,14.0
705,706,706,YouTube,https://www.youtube.com/watch?v=o_AJTn26ifQ,7201.0,152.0,13.0
706,707,707,YouTube,https://www.youtube.com/watch?v=eNDEPFYdaX0,21612.0,463.0,29.0
707,708,708,YouTube,https://www.youtube.com/watch?v=hikg21xNzkk,4656.0,84.0,5.0
708,709,709,YouTube,https://www.youtube.com/watch?v=SQ-pYZnGnbU,5813.0,125.0,6.0
709,710,710,YouTube,https://www.youtube.com/watch?v=vbJJYEY1Tkk,7148.0,189.0,12.0
710,711,711,YouTube,https://www.youtube.com/watch?v=ruUS2i4CS5U,9733.0,263.0,28.0
711,712,712,YouTube,https://www.youtube.com/watch?v=bZoEy-kvY0k,11356.0,151.0,16.0
712,713,713,YouTube,https://www.youtube.com/watch?v=oZI5gRt6NBk,37757.0,746.0,71.0
713,714,714,YouTube,https://www.youtube.com/watch?v=ICFNkQ6kLSU,52580.0,833.0,96.0
714,715,715,YouTube,https://www.youtube.com/watch?v=ejaPGieaTAE,49249.0,1037.0,107.0
715,716,716,YouTube,https://www.youtube.com/watch?v=TRIICafiFEY,16450.0,566.0,54.0
716,717,717,YouTube,https://www.youtube.com/watch?v=YGGV5Wf48rk,5312.0,120.0,9.0
717,718,718,YouTube,https://www.youtube.com/watch?v=fH2i0y8Sro8,25594.0,391.0,48.0
718,719,719,YouTube,https://www.youtube.com/watch?v=YLu02e6jCus,16787.0,321.0,25.0
719,720,720,YouTube,https://www.youtube.com/watch?v=L-zBUCru9dY,4846.0,79.0,5.0
720,721,721,YouTube,https://www.youtube.com/watch?v=rQhwLYk8TH0,22154.0,294.0,25.0
721,722,722,YouTube,https://www.youtube.com/watch?v=kuWM2UXU0fM,3278.0,45.0,1.0
722,723,723,YouTube,https://www.youtube.com/watch?v=UoTIcbmCJkc,10787.0,213.0,19.0
723,724,724,YouTube,https://www.youtube.com/watch?v=lcaj4gr6voQ,8878.0,191.0,24.0
724,725,725,YouTube,https://www.youtube.com/watch?v=QZoCZkflaVw,8327.0,202.0,9.0
725,726,726,YouTube,https://www.youtube.com/watch?v=1ktcLMVGuiQ,23056.0,620.0,41.0
726,727,727,YouTube,https://www.youtube.com/watch?v=kqX8taTUV9I,107437.0,1142.0,65.0
727,728,728,YouTube,https://www.youtube.com/watch?v=YlTadB8ztq8,420670.0,4651.0,356.0
728,729,729,YouTube,https://www.youtube.com/watch?v=QjlU1ypkQ2I,232728.0,2745.0,174.0
729,730,730,YouTube,https://www.youtube.com/watch?v=zehlHcOXO3g,9938.0,219.0,13.0
730,731,731,YouTube,https://www.youtube.com/watch?v=ayt1cpHZJXo,8119.0,114.0,6.0
731,732,732,YouTube,https://www.youtube.com/watch?v=V2K7DyHWzf0,26345.0,446.0,44.0
732,733,733,YouTube,https://www.youtube.com/watch?v=tdobgXtzBe8,11334.0,224.0,11.0
733,734,734,YouTube,https://www.youtube.com/watch?v=7EHu0UoYsD4,7402.0,131.0,8.0
734,735,735,YouTube,https://www.youtube.com/watch?v=2gYB5RD1vNU,28007.0,228.0,16.0
735,736,736,YouTube,https://www.youtube.com/watch?v=oAFa1aozO1A,41095.0,1016.0,77.0
736,737,737,YouTube,https://www.youtube.com/watch?v=iyvUiezFuR4,9106.0,175.0,7.0
737,738,738,YouTube,https://www.youtube.com/watch?v=Xzv_LMgx_FY,19530.0,355.0,24.0
738,739,739,YouTube,https://www.youtube.com/watch?v=gOMr_JExZxE,151903.0,2158.0,239.0
739,740,740,YouTube,https://www.youtube.com/watch?v=xRh3-ER-Rc4,8674.0,166.0,11.0
740,741,741,YouTube,https://www.youtube.com/watch?v=ghRMly26VKg,5868.0,154.0,7.0
741,742,742,YouTube,https://www.youtube.com/watch?v=FwdEeqs51dU,88124.0,1323.0,92.0
742,743,743,YouTube,https://www.youtube.com/watch?v=N_bMHRaOGU4,23590.0,389.0,19.0
743,744,744,YouTube,https://www.youtube.com/watch?v=h-3KyeETYyA,48166.0,549.0,29.0
744,745,745,YouTube,https://www.youtube.com/watch?v=McnQKJfr-ro,969798.0,8038.0,426.0
745,746,746,YouTube,https://www.youtube.com/watch?v=vf_PwCD5VIo,12988.0,274.0,33.0
746,747,747,YouTube,https://www.youtube.com/watch?v=X92McXNrCwg,7259.0,144.0,4.0
747,748,748,YouTube,https://www.youtube.com/watch?v=at8iG1XNREs,297496.0,3375.0,290.0
748,749,749,YouTube,https://www.youtube.com/watch?v=ZjaxKUkxt6A,94626.0,1075.0,93.0
749,750,750,YouTube,https://www.youtube.com/watch?v=npjE3J53eWQ,5544.0,121.0,16.0
750,751,751,YouTube,https://www.youtube.com/watch?v=52VNVwhU2JY,102311.0,1903.0,172.0
751,752,752,YouTube,https://www.youtube.com/watch?v=DWNOu0rqmYQ,4674.0,93.0,8.0
752,753,753,YouTube,https://www.youtube.com/watch?v=w2LxOVvpf-E,13866.0,271.0,15.0
753,754,754,YouTube,https://www.youtube.com/watch?v=9WJ7krhFgQg,16086.0,211.0,12.0
754,755,755,YouTube,https://www.youtube.com/watch?v=lDJ1yd_b_KE,35241.0,693.0,32.0
755,756,756,YouTube,https://www.youtube.com/watch?v=U-4GHvDd3ko,3557.0,48.0,4.0
756,757,757,YouTube,https://www.youtube.com/watch?v=h0o-83Ezs_I,56170.0,896.0,76.0
757,758,758,YouTube,https://www.youtube.com/watch?v=osSQMTQmfM0,6435.0,112.0,10.0
758,759,759,YouTube,https://www.youtube.com/watch?v=XY9KhpPohQk,12201.0,225.0,12.0
759,760,760,YouTube,https://www.youtube.com/watch?v=mIUCUGuoZYo,4462.0,75.0,6.0
760,761,761,YouTube,https://www.youtube.com/watch?v=YHkg9ryXSjk,182191.0,2250.0,291.0
761,762,762,YouTube,https://www.youtube.com/watch?v=iLh-YpFRhT4,5402.0,102.0,7.0
762,763,763,YouTube,https://www.youtube.com/watch?v=Hp1z1kuR13o,10113.0,81.0,3.0
763,764,764,YouTube,https://www.youtube.com/watch?v=YcNSXvDVWMg,2789.0,34.0,3.0
764,765,765,YouTube,https://www.youtube.com/watch?v=6xtB1YxVoos,3279.0,46.0,4.0
765,766,766,YouTube,https://www.youtube.com/watch?v=XqrW4bRztIQ,2210.0,56.0,2.0
766,767,767,YouTube,https://www.youtube.com/watch?v=A41jKo5mIao,3782.0,61.0,3.0
767,768,768,YouTube,https://www.youtube.com/watch?v=zBb1vdFFpRg,10023.0,182.0,14.0
768,769,769,YouTube,https://www.youtube.com/watch?v=-TPc13glO28,6118.0,84.0,2.0
769,770,770,YouTube,https://www.youtube.com/watch?v=xxnPKqFoLYM,16622.0,317.0,31.0
770,771,771,YouTube,https://www.youtube.com/watch?v=TqA2_dPKr-E,7081.0,115.0,8.0
771,772,772,YouTube,https://www.youtube.com/watch?v=3gGBIzN7DCs,10128.0,266.0,14.0
772,773,773,YouTube,https://www.youtube.com/watch?v=z8RBhvRdyw8,6618.0,126.0,7.0
773,774,774,YouTube,https://www.youtube.com/watch?v=x9IcEaEC-jI,150271.0,1923.0,142.0
774,775,775,YouTube,https://www.youtube.com/watch?v=0fr7ZWw9Y_M,22639.0,237.0,5.0
775,776,776,YouTube,https://www.youtube.com/watch?v=c9KmblkpGc4,62151.0,1246.0,98.0
776,777,777,YouTube,https://www.youtube.com/watch?v=bVVfO95leAU,58133.0,880.0,100.0
777,778,778,YouTube,https://www.youtube.com/watch?v=rD96W2YluSc,4280.0,79.0,13.0
778,779,779,YouTube,https://www.youtube.com/watch?v=Dl5NdgfPskM,4646.0,81.0,10.0
779,780,780,YouTube,https://www.youtube.com/watch?v=CokNVRbm_Ws,2930.0,53.0,3.0
780,781,781,YouTube,https://www.youtube.com/watch?v=5wK7HInDJ5s,7528.0,120.0,10.0
781,782,782,YouTube,https://www.youtube.com/watch?v=Pu1FW3vSNQA,12796.0,286.0,13.0
782,783,783,YouTube,https://www.youtube.com/watch?v=BhseruxwvFU,15148.0,268.0,20.0
783,784,784,YouTube,https://www.youtube.com/watch?v=Oy_JkHTA2vo,4502.0,82.0,7.0
784,785,785,YouTube,https://www.youtube.com/watch?v=sdTLv2JMp9g,21785.0,307.0,29.0
785,786,786,YouTube,https://www.youtube.com/watch?v=9kxCmSjmnxI,109739.0,2227.0,137.0
786,787,787,YouTube,https://www.youtube.com/watch?v=hChCk1sLsF4,75104.0,1585.0,135.0
787,788,788,YouTube,https://www.youtube.com/watch?v=LHWTKH8DowI,6945.0,77.0,3.0
788,789,789,YouTube,https://www.youtube.com/watch?v=6uZlj6EKs70,11791.0,154.0,6.0
789,790,790,YouTube,https://www.youtube.com/watch?v=OE9OAvjAy48,74988.0,684.0,41.0
790,791,791,YouTube,https://www.youtube.com/watch?v=zWlqdXgT0cM,59193.0,513.0,21.0
791,792,792,YouTube,https://www.youtube.com/watch?v=vLfzSlwuzqE,35804.0,227.0,6.0
792,793,793,YouTube,https://www.youtube.com/watch?v=DIpSBHG5ErM,228626.0,1691.0,85.0
793,794,794,YouTube,https://www.youtube.com/watch?v=9d3TZTRBkBo,110322.0,872.0,18.0
794,795,795,YouTube,https://www.youtube.com/watch?v=My-0iSbFlGY,36768.0,280.0,11.0
795,796,796,YouTube,https://www.youtube.com/watch?v=-OMTBYx32Yc,9059.0,62.0,1.0
796,797,797,YouTube,https://www.youtube.com/watch?v=NaVS49o22Tw,86517.0,869.0,53.0
797,798,798,YouTube,https://www.youtube.com/watch?v=c7c7fgsm7Xs,45617.0,454.0,38.0
798,799,799,YouTube,https://www.youtube.com/watch?v=nUVVMhONI6U,17428.0,141.0,10.0
799,800,800,YouTube,https://www.youtube.com/watch?v=O6-rfyVJhSA,32196.0,330.0,16.0
800,801,801,YouTube,https://www.youtube.com/watch?v=hAEOZTMhJ_E,44285.0,430.0,29.0
801,802,802,YouTube,https://www.youtube.com/watch?v=VmZBan7TG0Q,39093.0,264.0,12.0
802,803,803,YouTube,https://www.youtube.com/watch?v=aXBFahBCpUk,34911.0,445.0,25.0
803,804,804,YouTube,https://www.youtube.com/watch?v=6vtC_F4cqzI,39546.0,423.0,28.0
804,805,805,YouTube,https://www.youtube.com/watch?v=SE6TZQ2v91k,72716.0,773.0,44.0
805,806,806,YouTube,https://www.youtube.com/watch?v=iZTtiFjvuF0,2006721.0,17374.0,1281.0
806,807,807,YouTube,https://www.youtube.com/watch?v=loIrmv8BVZY,71722.0,1127.0,126.0
807,808,808,YouTube,https://www.youtube.com/watch?v=-B0a98nzz34,95874.0,869.0,41.0
808,809,809,YouTube,https://www.youtube.com/watch?v=X7gXUCsKQ2E,58405.0,627.0,23.0
809,810,810,YouTube,https://www.youtube.com/watch?v=8ydN1nfev2Y,57238.0,626.0,23.0
810,811,811,YouTube,https://www.youtube.com/watch?v=7KQSSZrDJIk,34422.0,382.0,18.0
811,812,812,YouTube,https://www.youtube.com/watch?v=3y6pq1_IJJ4,85466.0,922.0,47.0
812,813,813,YouTube,https://www.youtube.com/watch?v=BwJz9ABhHyM,445371.0,4977.0,276.0
813,814,814,YouTube,https://www.youtube.com/watch?v=XzwRq04zG1M,705748.0,4833.0,245.0
814,815,815,YouTube,https://www.youtube.com/watch?v=neYBffc6FXA,12936.0,212.0,9.0
815,816,816,YouTube,https://www.youtube.com/watch?v=f5-hv-rbQKA,8564.0,211.0,16.0
816,817,817,YouTube,https://www.youtube.com/watch?v=v3r2-AFLHOM,6864.0,182.0,15.0
817,818,818,YouTube,https://www.youtube.com/watch?v=osb1ckewTmE,4644.0,85.0,16.0
818,819,819,YouTube,https://www.youtube.com/watch?v=oyZZFbjRxsg,21763.0,525.0,54.0
819,820,820,YouTube,https://www.youtube.com/watch?v=hx6rUeyG_Dg,185987.0,1965.0,128.0
820,821,821,YouTube,https://www.youtube.com/watch?v=TVW7r3yRZhs,66867.0,1382.0,90.0
821,822,822,YouTube,https://www.youtube.com/watch?v=wU51iBgobpw,30420.0,467.0,23.0
822,823,823,YouTube,https://www.youtube.com/watch?v=-gYnlKLol5g,130846.0,3270.0,367.0
823,824,824,YouTube,https://www.youtube.com/watch?v=kps_b5rK02g,140357.0,1929.0,129.0
824,825,825,YouTube,https://www.youtube.com/watch?v=6x1zD4vTddk,367321.0,4862.0,365.0
825,826,826,YouTube,https://www.youtube.com/watch?v=fDOSQYdlbZM,509050.0,4376.0,324.0
826,827,827,YouTube,https://www.youtube.com/watch?v=UVMzHm6hdQU,83528.0,649.0,29.0
827,828,828,YouTube,https://www.youtube.com/watch?v=UGKD5CG_n1E,8647.0,166.0,14.0
828,829,829,YouTube,https://www.youtube.com/watch?v=MBNDZdOPutk,97806.0,1049.0,81.0
829,830,830,YouTube,https://www.youtube.com/watch?v=RVmpGh63Bnc,6974.0,109.0,12.0
830,831,831,YouTube,https://www.youtube.com/watch?v=y9_RIqqTbs4,58832.0,637.0,38.0
831,832,832,YouTube,https://www.youtube.com/watch?v=-Hb8jHyJ5Zs,16023.0,343.0,51.0
832,833,833,YouTube,https://www.youtube.com/watch?v=hHvnCeS5rCc,91049.0,955.0,176.0
833,834,834,YouTube,https://www.youtube.com/watch?v=LHXB0fjE3JQ,105493.0,1658.0,154.0
834,835,835,YouTube,https://www.youtube.com/watch?v=PmFxiKaXAPM,432639.0,3913.0,227.0
835,836,836,YouTube,https://www.youtube.com/watch?v=tdrtyt5SxaM,4534779.0,25736.0,1197.0
836,837,837,YouTube,https://www.youtube.com/watch?v=j5_xb_4fH2E,1716471.0,0.0,643.0
837,838,838,YouTube,https://www.youtube.com/watch?v=4d1SQmNJWo4,99634.0,546.0,71.0
838,839,839,YouTube,https://www.youtube.com/watch?v=uFi6tZieIpw,9959490.0,47834.0,1682.0
839,840,840,YouTube,https://www.youtube.com/watch?v=8T1IQnrGJso,1317366.0,11161.0,792.0
840,841,841,YouTube,https://www.youtube.com/watch?v=U39okwPKl7A,2731067.0,19015.0,1366.0
841,842,842,YouTube,https://www.youtube.com/watch?v=If22MICiXWg,232778.0,3022.0,240.0
842,843,843,YouTube,https://www.youtube.com/watch?v=Y0VEaLl1qoA,116124.0,1562.0,59.0
843,844,844,YouTube,https://www.youtube.com/watch?v=SO6hj_tCsaA,19790.0,239.0,6.0
844,845,845,YouTube,https://www.youtube.com/watch?v=UInmAhfiz-c,8300.0,235.0,19.0
845,846,846,YouTube,https://www.youtube.com/watch?v=qGzZM8ZMLi0,32901.0,552.0,42.0
846,847,847,YouTube,https://www.youtube.com/watch?v=6GAY1BALM9o,16137.0,226.0,20.0
847,848,848,YouTube,https://www.youtube.com/watch?v=lAoaS26UJY0,184335.0,1963.0,98.0
848,849,849,YouTube,https://www.youtube.com/watch?v=VAWT5dywEEQ,11105.0,206.0,26.0
849,850,850,YouTube,https://www.youtube.com/watch?v=rtr6DGq7Qqo,726492.0,11904.0,1054.0
850,851,851,YouTube,https://www.youtube.com/watch?v=wT_-gpkpc4E,7550.0,216.0,20.0
851,852,852,YouTube,https://www.youtube.com/watch?v=hCrocPnu9Ks,78891.0,1296.0,125.0
852,853,853,YouTube,https://www.youtube.com/watch?v=_Jx2XIjCkGw,128449.0,1701.0,151.0
853,854,854,YouTube,https://www.youtube.com/watch?v=R8acJx226Ho,28851.0,362.0,21.0
854,855,855,YouTube,https://www.youtube.com/watch?v=PhBqBIFLpdQ,31386.0,608.0,28.0
855,856,856,YouTube,https://www.youtube.com/watch?v=hI2goWDoB5k,154564.0,894.0,33.0
856,857,857,YouTube,https://www.youtube.com/watch?v=xQ7Ex0J2NyI,7037.0,151.0,14.0
857,858,858,YouTube,https://www.youtube.com/watch?v=x-fJz2Rame4,117070.0,1878.0,171.0
858,859,859,YouTube,https://www.youtube.com/watch?v=KVO2N3BTFmk,200245.0,1191.0,74.0
859,860,860,YouTube,https://www.youtube.com/watch?v=_aVwMHlfsm4,448254.0,3215.0,175.0
860,861,861,YouTube,https://www.youtube.com/watch?v=aPQ46lYeDgk,335513.0,4368.0,394.0
861,862,862,YouTube,https://www.youtube.com/watch?v=HYbb0ifhZNU,35807.0,640.0,51.0
862,863,863,YouTube,https://www.youtube.com/watch?v=VkMq_cNhZdg,41570.0,672.0,50.0
863,864,864,YouTube,https://www.youtube.com/watch?v=ipcDGEStcSE,1478597.0,11081.0,1024.0
864,865,865,YouTube,https://www.youtube.com/watch?v=YGr3ulpHVZ8,53128.0,867.0,36.0
865,866,866,YouTube,https://www.youtube.com/watch?v=wP-FNzt-SUI,553264.0,4641.0,249.0
866,867,867,YouTube,https://www.youtube.com/watch?v=hI9EO0kufOA,1188227.0,5708.0,401.0
867,868,868,YouTube,https://www.youtube.com/watch?v=6hcAI2q9_XU,4711.0,106.0,11.0
868,869,869,YouTube,https://www.youtube.com/watch?v=vsyzcI7QEYI,509036.0,4001.0,251.0
869,870,870,YouTube,https://www.youtube.com/watch?v=fiS7ed5rCWo,12669.0,264.0,19.0
870,871,871,YouTube,https://www.youtube.com/watch?v=kq7QqapYbd4,170848.0,2684.0,186.0
871,872,872,YouTube,https://www.youtube.com/watch?v=hJiJpvpeX4c,304753.0,2478.0,243.0
872,873,873,YouTube,https://www.youtube.com/watch?v=Jcp3z1l3cY8,1045078.0,8723.0,755.0
873,874,874,YouTube,https://www.youtube.com/watch?v=xezcLZUe9rg,328064.0,2541.0,135.0
874,875,875,YouTube,https://www.youtube.com/watch?v=Wptx5zumukQ,572265.0,3365.0,186.0
875,876,876,YouTube,https://www.youtube.com/watch?v=2oN-RMiK16s,12737.0,178.0,19.0
876,877,877,YouTube,https://www.youtube.com/watch?v=dSZ_wirHpNU,550554.0,4965.0,362.0
877,878,878,YouTube,https://www.youtube.com/watch?v=9Fb0EJNvvVs,28487.0,268.0,20.0
878,879,879,YouTube,https://www.youtube.com/watch?v=7u9uSN7Zlgo,324288.0,2461.0,194.0
879,880,880,YouTube,https://www.youtube.com/watch?v=-vTm-0PVvGk,1266680.0,8539.0,564.0
880,881,881,YouTube,https://www.youtube.com/watch?v=Mw3_94xFeOc,1414376.0,6912.0,480.0
881,882,882,YouTube,https://www.youtube.com/watch?v=DuDgAMN4w7U,478919.0,4286.0,352.0
882,883,883,YouTube,https://www.youtube.com/watch?v=_5HCOmlpDh0,202471.0,2851.0,255.0
883,884,884,YouTube,https://www.youtube.com/watch?v=POxPnp5X5ow,3140817.0,25337.0,1206.0
884,885,885,YouTube,https://www.youtube.com/watch?v=CYiCIyhq01o,5119765.0,28727.0,1932.0
885,886,886,YouTube,https://www.youtube.com/watch?v=KT1YnkI0LPY,315210.0,2057.0,128.0
886,887,887,YouTube,https://www.youtube.com/watch?v=-J9sAx0UfQI,148968.0,1604.0,118.0
887,888,888,YouTube,https://www.youtube.com/watch?v=2WT2ap5-0LU,224633.0,2190.0,202.0
888,889,889,YouTube,https://www.youtube.com/watch?v=bU_XOEnaY3w,173570.0,2211.0,245.0
889,890,890,YouTube,https://youtu.be/5iy_8PKKiyM?si=jmP3ndUObLUJQz40,31076.0,3600.0,451.0
890,891,891,YouTube,https://youtu.be/FjN_7oP2IlI?si=b9v2RkyimNiU3B26,114191.0,8100.0,706.0
891,892,892,YouTube,https://youtu.be/j7ak2k6z0PM?si=mDHMn6KhP86TpUXV,314384.0,26000.0,5537.0
892,893,893,YouTube,https://youtu.be/QeJdAh83hpA?si=BPRrvXQuDKWp_qnV,54598.0,2700.0,1234.0
893,894,894,iTunes,https://music.apple.com/us/album/adiepena-feat-shatta-wale/1787051223?i=1787051230&uo=4,,,
894,895,895,iTunes,https://music.apple.com/us/album/millions/1784666765?i=1784666770&uo=4,,,
895,896,896,iTunes,https://music.apple.com/us/album/secret-billionaires-feat-shatta-wale/1779263768?i=1779263769&uo=4,,,
896,897,897,iTunes,https://music.apple.com/us/album/road-clear-feat-shatta-wale/1766588212?i=1766588213&uo=4,,,
897,898,898,iTunes,https://music.apple.com/us/album/imagination/1762185835?i=1762185841&uo=4,,,
898,899,899,iTunes,https://music.apple.com/us/album/set-up-yuhself-feat-shatta-wale/1753730521?i=1753730535&uo=4,,,
899,900,900,iTunes,https://music.apple.com/us/album/gangalia-feat-shatta-wale/1720097010?i=1720097018&uo=4,,,
900,901,901,iTunes,https://music.apple.com/us/album/my-way-feat-shatta-wale/1711050742?i=1711051174&uo=4,,,
901,902,902,iTunes,https://music.apple.com/us/album/new-level-unlock-feat-shatta-wale/1691839719?i=1691839720&uo=4,,,
902,903,903,iTunes,https://music.apple.com/us/album/ready-feat-rj-the-dj/1684826764?i=1684826765&uo=4,,,
903,904,904,iTunes,https://music.apple.com/us/album/dem-deh-try-feat-shatta-wale/1687851451?i=1687851452&uo=4,,,
904,905,905,iTunes,https://music.apple.com/us/album/idgaf-feat-shatta-wale/1657262115?i=1657262497&uo=4,,,
905,906,906,iTunes,https://music.apple.com/us/album/survive-feat-shatta-wale-kao-denero/1659571135?i=1659571136&uo=4,,,
906,907,907,iTunes,https://music.apple.com/us/album/see-something-feat-medikal-minz/1655359142?i=1655359143&uo=4,,,
907,908,908,iTunes,https://music.apple.com/us/album/dtb/1628717258?i=1628717264&uo=4,,,
908,909,909,iTunes,https://music.apple.com/us/album/obaa-feat-shatta-wale/1617996695?i=1617997548&uo=4,,,
909,910,910,iTunes,https://music.apple.com/us/album/dancehall-dweet/1816205004?i=1816205006&uo=4,,,
910,911,911,iTunes,https://music.apple.com/us/album/stubborn-academy/1606228967?i=1606228968&uo=4,,,
911,912,912,iTunes,https://music.apple.com/us/album/free-de-matter-feat-shatta-wale/1598724188?i=1598724195&uo=4,,,
912,913,913,iTunes,https://music.apple.com/us/album/school-dey-be-feat-shatta-wale/1683920235?i=1683920323&uo=4,,,
913,914,914,iTunes,https://music.apple.com/us/album/sika-dam-feat-fameye-shatta-wale/1589244108?i=1589244114&uo=4,,,
914,915,915,iTunes,https://music.apple.com/us/album/alone-feat-shatta-wale/1591637224?i=1591637225&uo=4,,,
915,916,916,iTunes,https://music.apple.com/us/album/juice-feat-shatta-wale/1573038728?i=1573038817&uo=4,,,
916,917,917,iTunes,https://music.apple.com/us/album/i-go-give/1570090570?i=1570091110&uo=4,,,
917,918,918,iTunes,https://music.apple.com/us/album/barrel-feat-shatta-wale-stylo-g-remix/1559923873?i=1559923892&uo=4,,,
918,919,919,iTunes,https://music.apple.com/us/album/kro-kro-me-feat-shatta-wale/1559725785?i=1559725791&uo=4,,,
919,920,920,iTunes,https://music.apple.com/us/album/star-life-feat-shatta-wale/1556493246?i=1556493275&uo=4,,,
920,921,921,iTunes,https://music.apple.com/us/album/inna-di-night-feat-shatta-wale/1553705861?i=1553705862&uo=4,,,
921,922,922,iTunes,https://music.apple.com/us/album/alright/1542704676?i=1542704677&uo=4,,,
922,923,923,iTunes,https://music.apple.com/us/album/eka-aba-fie-feat-shatta-wale/1540614531?i=1540614532&uo=4,,,
923,924,924,iTunes,https://music.apple.com/us/album/h-i-t-haters-in-tears-feat-shatta-wale/1682955972?i=1682955973&uo=4,,,
924,925,925,iTunes,https://music.apple.com/us/album/ghana-we-dey-feat-shatta-wale-samini/1499574696?i=1499574707&uo=4,,,
925,926,926,iTunes,https://music.apple.com/us/album/winning-formula/1522706546?i=1522706893&uo=4,,,
926,927,927,iTunes,https://music.apple.com/us/album/fever-feat-shatta-wale/1526028653?i=1526028654&uo=4,,,
927,928,928,iTunes,https://music.apple.com/us/album/kimberly-feat-captan/1512055458?i=1512055464&uo=4,,,
928,929,929,iTunes,https://music.apple.com/us/album/sexy-lady/1508644621?i=1508644622&uo=4,,,
929,930,930,iTunes,https://music.apple.com/us/album/too-ugly/1498780824?i=1498781730&uo=4,,,
930,931,931,iTunes,https://music.apple.com/us/album/laugh-out-loud-feat-shatta-wale/1498607737?i=1498607742&uo=4,,,
931,932,932,iTunes,https://music.apple.com/us/album/celebration-feat-shatta-wale/1492747288?i=1492747289&uo=4,,,
932,933,933,iTunes,https://music.apple.com/us/album/afro-dance-feat-shatta-wale/1490151115?i=1490151116&uo=4,,,
933,934,934,iTunes,https://music.apple.com/us/album/be-afraid/1498780824?i=1498781104&uo=4,,,
934,935,935,iTunes,https://music.apple.com/us/album/vibration/1477205361?i=1477205900&uo=4,,,
935,936,936,iTunes,https://music.apple.com/us/album/too-much-henny-remix-feat-shatta-wale-remix/1476727305?i=1476727307&uo=4,,,
936,937,937,iTunes,https://music.apple.com/us/album/be-strong-feat-shatta-wale/1475305836?i=1475305850&uo=4,,,
937,938,938,iTunes,https://music.apple.com/us/album/already/1473486502?i=1473487611&uo=4,,,
938,939,939,iTunes,https://music.apple.com/us/album/i-taya-feat-shatta-wale/1467736522?i=1467736524&uo=4,,,
939,940,940,iTunes,https://music.apple.com/us/album/are-you-still-mine/1463002832?i=1463002840&uo=4,,,
940,941,941,iTunes,https://music.apple.com/us/album/way-to-the-top/1815016049?i=1815016050&uo=4,,,
941,942,942,iTunes,https://music.apple.com/us/album/african-girl-feat-shatta-wale/1459237345?i=1459237588&uo=4,,,
942,943,943,iTunes,https://music.apple.com/us/album/we-gi-dem/1459694471?i=1459694617&uo=4,,,
943,944,944,iTunes,https://music.apple.com/us/album/weekend-love/1458251154?i=1458251155&uo=4,,,
944,945,945,iTunes,https://music.apple.com/us/album/never-again-feat-shatta-wale/1457610206?i=1457610209&uo=4,,,
945,946,946,iTunes,https://music.apple.com/us/album/baby-feat-shatta-wale-kuami-eugene-kidi/1455707926?i=1455707929&uo=4,,,
946,947,947,iTunes,https://music.apple.com/us/album/deliver-me/1455430055?i=1455430056&uo=4,,,
947,948,948,iTunes,https://music.apple.com/us/album/omo-ada-dem-sleep-feat-shatta-wale-fella-remix/1657737558?i=1657737559&uo=4,,,
948,949,949,iTunes,https://music.apple.com/us/album/dangote-feat-shatta-wale/1447891415?i=1447891418&uo=4,,,
949,950,950,iTunes,https://music.apple.com/us/album/african-girl-feat-shatta-wale/1445608800?i=1445608803&uo=4,,,
950,951,951,iTunes,https://music.apple.com/us/album/adwenfi-feat-shatta-wale-kuami-eugene/1364457151?i=1364457660&uo=4,,,
951,952,952,iTunes,https://music.apple.com/us/album/true-believer/1364457375?i=1364457380&uo=4,,,
952,953,953,iTunes,https://music.apple.com/us/album/the-way-i-move/1338229607?i=1338229608&uo=4,,,
953,954,954,iTunes,https://music.apple.com/us/album/fa-ma-me-give-it-to-me-feat-shatta-wale/1342630713?i=1342630716&uo=4,,,
954,955,955,iTunes,https://music.apple.com/us/album/opana-feat-shatta-wale/1321729296?i=1321729297&uo=4,,,
955,956,956,iTunes,https://music.apple.com/us/album/kpuu-kpa-challenge-boga-dance-edition-feat-shatta-wale/1386946554?i=1386946555&uo=4,,,
956,957,957,iTunes,https://music.apple.com/us/album/wave-remix-feat-davido-terry-apala-shatta-wale-wale/1212241004?i=1212241016&uo=4,,,
957,958,958,iTunes,https://music.apple.com/us/album/one-shot-feat-shatta-wale-sarkodie/1211986334?i=1211986344&uo=4,,,
958,959,959,iTunes,https://music.apple.com/us/album/stevie-wonder-feat-shatta-wale/1682959590?i=1682959591&uo=4,,,
959,960,960,iTunes,https://music.apple.com/us/album/addaman-feat-benzee-shatta-wale-mix-masta-garzy-remix/1493111833?i=1493111845&uo=4,,,
960,961,961,iTunes,https://music.apple.com/us/album/its-not-over-mix-masta-garzy-remix/1493111833?i=1493111846&uo=4,,,
961,962,962,iTunes,https://music.apple.com/us/album/jeje-feat-shatta-wale/1556543339?i=1556543445&uo=4,,,
962,963,963,iTunes,https://music.apple.com/us/album/party-fi-life-feat-shatta-wale/1148257283?i=1148257444&uo=4,,,
963,964,964,iTunes,https://music.apple.com/us/album/too-big-feat-shatta-wale/1143471177?i=1143471363&uo=4,,,
964,965,965,iTunes,https://music.apple.com/us/album/atm-remix-feat-shatta-wale/1114120846?i=1114121220&uo=4,,,
965,966,966,iTunes,https://music.apple.com/us/album/fire-bon-dem-feat-sarkodie-shatta-wale-remix/1149909488?i=1149909781&uo=4,,,
966,967,967,iTunes,https://music.apple.com/us/album/too-sweet-feat-shatta-wale/1019389399?i=1019389406&uo=4,,,
967,968,968,iTunes,https://music.apple.com/us/album/supa-scary-feat-shatta-wale-d-black-sarkodie-mugeez-e-l/949890487?i=949890490&uo=4,,,
968,969,969,iTunes,https://music.apple.com/us/album/pinga-feat-shatta-wale/905956353?i=905956380&uo=4,,,
