"title","views","likes","comments","like_pct","comment_pct","video_recommendation"
"Wake Up (Audio Slide)",53619,4478,601,"8.35","1.12","🔥 HIGH PRIORITY - Make Video NOW"
"Look Stupid (Audio Slide)",21749,1976,221,"9.09","1.02","🔥 HIGH PRIORITY - Make Video NOW"
"Tek Di Yellow (Audio Slide)",42537,4683,651,"11.01","1.53","🔥 HIGH PRIORITY - Make Video NOW"
"African Dancehall (Audio Slide)",66101,5297,855,"8.01","1.29","🔥 HIGH PRIORITY - Make Video NOW"
"Top Gyallis Day (Audio Slide)",36441,3012,357,"8.27","0.98","🔥 HIGH PRIORITY - Make Video NOW"
"Auto-Pilot (Audio Slide)",30090,2974,443,"9.88","1.47","🔥 HIGH PRIORITY - Make Video NOW"
"Destiny (Audio Slide)",60812,5559,709,"9.14","1.17","🔥 HIGH PRIORITY - Make Video NOW"
"Splurge (Audio Slide)",39676,3742,545,"9.43","1.37","🔥 HIGH PRIORITY - Make Video NOW"
"Lambo Drama (Audio Slide)",21362,1816,192,"8.50","0.90","🔥 HIGH PRIORITY - Make Video NOW"
"Higher (Audio Slide)",35165,2842,324,"8.08","0.92","🔥 HIGH PRIORITY - Make Video NOW"
"No Camera (Audio Slide)",19390,1793,173,"9.25","0.89","🔥 HIGH PRIORITY - Make Video NOW"
"1 Man 1000 Cases (Audio Slide)",39015,3249,362,"8.33","0.93","🔥 HIGH PRIORITY - Make Video NOW"
"God Soldiers (Audio Slide)",33725,2740,339,"8.12","1.01","🔥 HIGH PRIORITY - Make Video NOW"
"Bow Down (Audio Slide)",16309,1450,150,"8.89","0.92","🔥 HIGH PRIORITY - Make Video NOW"
"Spirit Bigger (Audio Slide)",46699,3824,548,"8.19","1.17","🔥 HIGH PRIORITY - Make Video NOW"
"Ain'T Nobody",314384,26000,5537,"8.27","1.76","🔥 HIGH PRIORITY - Make Video NOW"
"I No Taya (Audio Slide)",29732,2675,421,"9.00","1.42","🔥 HIGH PRIORITY - Make Video NOW"
"Silence Is Not Power (Audio Slide)",67173,5558,1012,"8.27","1.51","🔥 HIGH PRIORITY - Make Video NOW"
"Toorlet (Audio Slide)",25928,2374,260,"9.16","1.00","🔥 HIGH PRIORITY - Make Video NOW"
"Hold You Close (Audio Slide)",29582,2771,400,"9.37","1.35","🔥 HIGH PRIORITY - Make Video NOW"
"Bad Boy Sweet (Audio Slide)",22456,2188,299,"9.74","1.33","🔥 HIGH PRIORITY - Make Video NOW"
"48Hrs (Audio Slide)",73165,6666,1393,"9.11","1.90","🔥 HIGH PRIORITY - Make Video NOW"
"Worldwide Whine (Audio Slide)",37625,3626,564,"9.64","1.50","🔥 HIGH PRIORITY - Make Video NOW"
"Forgive You (Audio Slide)",35404,2860,400,"8.08","1.13","🔥 HIGH PRIORITY - Make Video NOW"
"Vip Girl (Audio Slide)",38684,3664,464,"9.47","1.20","🔥 HIGH PRIORITY - Make Video NOW"
"Genzi (Audio Slide)",32784,3067,367,"9.36","1.12","🔥 HIGH PRIORITY - Make Video NOW"
"Kll ‘Em (Audio Slide ) Prod By Gigz",34911,2864,307,"8.20","0.88","🔥 HIGH PRIORITY - Make Video NOW"
"Born Fi Par (Audio Slide)",70134,5744,893,"8.19","1.27","🔥 HIGH PRIORITY - Make Video NOW"
"Maybe (Audio Slide)",34678,3270,492,"9.43","1.42","🔥 HIGH PRIORITY - Make Video NOW"
"Soft Life (Audio Slide)",30013,2986,461,"9.95","1.54","🔥 HIGH PRIORITY - Make Video NOW"
"Are You Sure (Audio Slide)",65555,6635,1043,"10.12","1.59","🔥 HIGH PRIORITY - Make Video NOW"
"Letter To Maali (Audio Slide)",46410,4362,709,"9.40","1.53","🔥 HIGH PRIORITY - Make Video NOW"
"Street Kings (Audio Slide)",42890,3830,507,"8.93","1.18","🔥 HIGH PRIORITY - Make Video NOW"
"Shatta Movement Army (Audio Slide)",33417,3838,504,"11.49","1.51","🔥 HIGH PRIORITY - Make Video NOW"
"Agenda (Audio Slide)",55290,4694,592,"8.49","1.07","🔥 HIGH PRIORITY - Make Video NOW"
"My Fav Youtubers (Audio Slide)",49125,5122,941,"10.43","1.92","🔥 HIGH PRIORITY - Make Video NOW"
"No No No (Audio Slide)",35002,4586,618,"13.10","1.77","🔥 HIGH PRIORITY - Make Video NOW"
"How Far",31076,3600,451,"11.58","1.45","🔥 HIGH PRIORITY - Make Video NOW"
"4Lyf - Freestyle (Audio Slide)",30955,4385,588,"14.17","1.90","🔥 HIGH PRIORITY - Make Video NOW"
"When We Deh Come (Audio Slide)",62250,5421,789,"8.71","1.27","🔥 HIGH PRIORITY - Make Video NOW"
"God People (Audio Slide)",29849,4155,627,"13.92","2.10","🔥 HIGH PRIORITY - Make Video NOW"
"Top Boss (Audio Slide)",40210,4725,897,"11.75","2.23","🔥 HIGH PRIORITY - Make Video NOW"
"Rolls Royce (Audio Slide)",89901,8365,1429,"9.30","1.59","🔥 HIGH PRIORITY - Make Video NOW"
"Word Is My Bond (Audio Slide)",22019,1997,267,"9.07","1.21","🔥 HIGH PRIORITY - Make Video NOW"
"Bigger Everyday (Audio Slide)",18013,1585,165,"8.80","0.92","🔥 HIGH PRIORITY - Make Video NOW"
"Block You (Audio Slide)",50643,4562,678,"9.01","1.34","🔥 HIGH PRIORITY - Make Video NOW"
"Dog Eat Dog (Audio Slide)",34465,3477,437,"10.09","1.27","🔥 HIGH PRIORITY - Make Video NOW"
"Horny (Audio Slide)",68625,3045,338,"4.44","0.49","📊 MONITOR - Consider if engagement improves"
"Chacha Ft. Addi Self, Captan & Natty Lee [Sm Militants] (Audio Slide)",61770,2518,181,"4.08","0.29","📊 MONITOR - Consider if engagement improves"
"Shatta Wale – Pray (Audio Slide)",106449,1681,132,"1.58","0.12","📊 MONITOR - Consider if engagement improves"
"Zylofon (Audio Slide)",54267,734,119,"1.35","0.22","📊 MONITOR - Consider if engagement improves"
"Stay Kool (Audio Slide)",105025,3830,360,"3.65","0.34","📊 MONITOR - Consider if engagement improves"
"Deh Guard (Audio Slide)",90669,5207,651,"5.74","0.72","📊 MONITOR - Consider if engagement improves"
"Zombie (Audio Slide)",94747,5799,574,"6.12","0.61","📊 MONITOR - Consider if engagement improves"
"Bronya (Audio Slide)",71476,3389,302,"4.74","0.42","📊 MONITOR - Consider if engagement improves"
"Dem Turn To Beans (Audio Slide)",100687,3508,364,"3.48","0.36","📊 MONITOR - Consider if engagement improves"
"Shatta Wale – Ego Taya Dem (Audio Slide)",51014,777,71,"1.52","0.14","📊 MONITOR - Consider if engagement improves"
"No Look (Audio Slide)",56205,2689,307,"4.78","0.55","📊 MONITOR - Consider if engagement improves"
"I Hate Nonsense (Audio Slide)",62602,2313,310,"3.69","0.50","📊 MONITOR - Consider if engagement improves"
"Shatta Wale – Storm (Audio Slide)",99525,1452,145,"1.46","0.15","📊 MONITOR - Consider if engagement improves"
"The Prophecy (Audio Slide)",102306,3376,420,"3.30","0.41","📊 MONITOR - Consider if engagement improves"
"Shito (Audio Slide)",150819,1696,245,"1.12","0.16","📊 MONITOR - Consider if engagement improves"
"No Mercy For The Cripple [Stonebwoy Diss] (Audio Slide)",296924,3610,866,"1.22","0.29","📊 MONITOR - Consider if engagement improves"
"Militantz - Matter Ft. Shatta Wale (Audio Slide)",58073,983,182,"1.69","0.31","📊 MONITOR - Consider if engagement improves"
"Shatta Wale – Kakai (Audio Slide)",200245,1191,74,"0.59","0.04","📊 MONITOR - Consider if engagement improves"
"Burial & Memeorial Of Buffalo Souljah (Part 2 Diss) Audio Slide]",52792,1761,211,"3.34","0.40","📊 MONITOR - Consider if engagement improves"
"Fool Boy (Diss To Buffalo Souljah) [Audio Slide]",153149,4158,687,"2.72","0.45","📊 MONITOR - Consider if engagement improves"
"Anonymous Man (Audio Slide)",53804,2044,253,"3.80","0.47","📊 MONITOR - Consider if engagement improves"
"Melissa (Audio Slide)",189662,3826,460,"2.02","0.24","📊 MONITOR - Consider if engagement improves"
"What Deh Go On (Audio Slide)",136055,3775,406,"2.77","0.30","📊 MONITOR - Consider if engagement improves"
"2 Pah Pah (100, 000) [Audio Slide]",88704,2501,196,"2.82","0.22","📊 MONITOR - Consider if engagement improves"
"Tournament [Ghana Black Stars Remix] (Audio Slide)",109778,3345,343,"3.05","0.31","📊 MONITOR - Consider if engagement improves"
"Dem Possess (Audio Slide)",119591,2922,321,"2.44","0.27","📊 MONITOR - Consider if engagement improves"
"Kpokpomi (Audio Slide)",208864,3823,412,"1.83","0.20","📊 MONITOR - Consider if engagement improves"
"New Formula (Audio Slide)",120579,2673,300,"2.22","0.25","📊 MONITOR - Consider if engagement improves"
"Congratulate (Audio Slide)",66458,2279,293,"3.43","0.44","📊 MONITOR - Consider if engagement improves"
"Performer (Audio Slide)",110962,2011,247,"1.81","0.22","📊 MONITOR - Consider if engagement improves"
"Do Am For Me (Audio Slide)",79838,2711,460,"3.40","0.58","📊 MONITOR - Consider if engagement improves"
"God Is Alive (Audio Slide)",256814,5229,1123,"2.04","0.44","📊 MONITOR - Consider if engagement improves"
"Holy Man (Audio Slide)",69203,2017,239,"2.91","0.35","📊 MONITOR - Consider if engagement improves"
"Letter To Kaakie (Audio Slide)",117070,1878,171,"1.60","0.15","📊 MONITOR - Consider if engagement improves"
"Changer (Audio Slide)",88891,2208,320,"2.48","0.36","📊 MONITOR - Consider if engagement improves"
"Hausa Koko (Audio Slide)",65669,1749,294,"2.66","0.45","📊 MONITOR - Consider if engagement improves"
"Packaging Ft. Medikal (Audio Slide)",119805,2806,340,"2.34","0.28","📊 MONITOR - Consider if engagement improves"
"Ay3 Halfcast (Audio Slide)",617669,7522,580,"1.22","0.09","📊 MONITOR - Consider if engagement improves"
"All Eyes On Me (Audio Slide)",68280,1255,242,"1.84","0.35","📊 MONITOR - Consider if engagement improves"
"Blessings Feat. Amerado (Official Audio)",614492,18325,2750,"2.98","0.45","📊 MONITOR - Consider if engagement improves"
"Dukui (Audio Slide)",61712,1061,209,"1.72","0.34","📊 MONITOR - Consider if engagement improves"
"Gringo (Audio Slide)",387928,4711,493,"1.21","0.13","📊 MONITOR - Consider if engagement improves"
"Thunder Fire Ft. Sm Militants (Audio Slide)",290514,3185,344,"1.10","0.12","📊 MONITOR - Consider if engagement improves"
"Kaakaa Motobi",84136,2218,357,"2.64","0.42","📊 MONITOR - Consider if engagement improves"
"Testimony (Audio Slide)",134343,1701,157,"1.27","0.12","📊 MONITOR - Consider if engagement improves"
"Big God Ft. Natty Lee (Audio Slide)",54204,1434,202,"2.65","0.37","📊 MONITOR - Consider if engagement improves"
"Oko Niko Ft. Natty Lee (Audio Slide)",119201,2324,216,"1.95","0.18","📊 MONITOR - Consider if engagement improves"
"Juju",207896,3509,487,"1.69","0.23","📊 MONITOR - Consider if engagement improves"
"Deliver Me (Audio Slide)",151342,3295,414,"2.18","0.27","📊 MONITOR - Consider if engagement improves"
"Only One Man (Audio Slide)",1299178,12220,706,"0.94","0.05","📊 MONITOR - Consider if engagement improves"
"Tomorrow Tomorrow (Audio Slide)",202477,3415,307,"1.69","0.15","📊 MONITOR - Consider if engagement improves"
"Shatta Wale – Baby Chop Kiss (Audio Slide)",154564,894,33,"0.58","0.02","📊 MONITOR - Consider if engagement improves"
"Signboard (Audio Slide)",174699,3270,305,"1.87","0.17","📊 MONITOR - Consider if engagement improves"
"Afta Di Storm (Audio Slide)",85466,922,47,"1.08","0.05","📊 MONITOR - Consider if engagement improves"
"Like Jesus [Willie Roi Tribute] (Audio Slide)",659070,7906,681,"1.20","0.10","📊 MONITOR - Consider if engagement improves"
"Heavy Load [Conquer Paradise Riddim] (Audio Slide)",339159,6319,803,"1.86","0.24","📊 MONITOR - Consider if engagement improves"
"Tell Me A Lie (Audio Slide)",57238,626,23,"1.09","0.04","📊 MONITOR - Consider if engagement improves"
"Life Be Time Ft. Tinny (Audio Slide)",443003,5148,389,"1.16","0.09","📊 MONITOR - Consider if engagement improves"
"2019 (Audio Slide)",154789,2680,314,"1.73","0.20","📊 MONITOR - Consider if engagement improves"
"Paq - Kumchacha Ft. Shatta Wale (Audio Slide)",51425,1332,172,"2.59","0.33","📊 MONITOR - Consider if engagement improves"
"Aye (Audio Slide)",79687,1321,147,"1.66","0.18","📊 MONITOR - Consider if engagement improves"
"Aduro (Audio Slide)",68243,1928,210,"2.83","0.31","📊 MONITOR - Consider if engagement improves"
"Ayele (Audio Slide)",58405,627,23,"1.07","0.04","📊 MONITOR - Consider if engagement improves"
"My Level (Audio Slide)",1341627,8251,1063,"0.61","0.08","📊 MONITOR - Consider if engagement improves"
"Drama King (Audio Slide)",55363,1631,211,"2.95","0.38","📊 MONITOR - Consider if engagement improves"
"Kill Dem Wif Prayers (Audio Slide)",95874,869,41,"0.91","0.04","📊 MONITOR - Consider if engagement improves"
"Sm Cultural Anthem (Audio Slide)",411205,6165,447,"1.50","0.11","📊 MONITOR - Consider if engagement improves"
"Rise Anyway (Audio Slide)",74516,4891,831,"6.56","1.12","📊 MONITOR - Consider if engagement improves"
"Paq X Anointing (Audio Slide)",76260,1880,308,"2.47","0.40","📊 MONITOR - Consider if engagement improves"
"Apim (Audio Slide)",76580,5026,512,"6.56","0.67","📊 MONITOR - Consider if engagement improves"
"Small But Mighty (Audio Slide)",77560,5567,692,"7.18","0.89","📊 MONITOR - Consider if engagement improves"
"Paq X Y3Koom [Street Version] (Audio Slide)",79666,1443,203,"1.81","0.25","📊 MONITOR - Consider if engagement improves"
"Paq X Y3Koom [Radio Version] (Audio Slide)",226919,2999,442,"1.32","0.19","📊 MONITOR - Consider if engagement improves"
"Alakpator (Audio Slide)",56366,1124,132,"1.99","0.23","📊 MONITOR - Consider if engagement improves"
"Killa Ji Mi (Audio Slide)",202072,7792,1064,"3.86","0.53","📊 MONITOR - Consider if engagement improves"
"Boss A Di Whole Place (Audio Slide)",64195,4606,761,"7.18","1.19","📊 MONITOR - Consider if engagement improves"
"War Ft. Addi Self (Audio Slide)",53617,1097,146,"2.05","0.27","📊 MONITOR - Consider if engagement improves"
"Iangtjty (Official Audio)",279181,9822,1369,"3.52","0.49","📊 MONITOR - Consider if engagement improves"
"Like A King (Audio Slide)",71722,1127,126,"1.57","0.18","📊 MONITOR - Consider if engagement improves"
"Money & Dancehall (Audio Slide)",72716,773,44,"1.06","0.06","📊 MONITOR - Consider if engagement improves"
"Authentic (Shatta Music) Audio",140623,5260,631,"3.74","0.45","📊 MONITOR - Consider if engagement improves"
"Portable (Shatta Music) Audio",64371,4242,389,"6.59","0.60","📊 MONITOR - Consider if engagement improves"
"Junior Jesus (Audio)",121906,4657,502,"3.82","0.41","📊 MONITOR - Consider if engagement improves"
"No Love (Shatta Music) Audio",116384,3923,424,"3.37","0.36","📊 MONITOR - Consider if engagement improves"
"I See Dem (Shatta Music) Audio",80219,4295,456,"5.35","0.57","📊 MONITOR - Consider if engagement improves"
"I Know (Shatta Music) Audio",253446,6039,525,"2.38","0.21","📊 MONITOR - Consider if engagement improves"
"We Coming (Shatta Music) Audio",123981,4284,570,"3.46","0.46","📊 MONITOR - Consider if engagement improves"
"If I Collect (Audio Slide)",86517,869,53,"1.00","0.06","📊 MONITOR - Consider if engagement improves"
"Baby [Chop Kiss] (Audio Slide)",110322,872,18,"0.79","0.02","📊 MONITOR - Consider if engagement improves"
"Somebody Pikin (Shatta Music) Audio",91976,3704,442,"4.03","0.48","📊 MONITOR - Consider if engagement improves"
"Jealousy Be Drug (Shatta Music) Audio",145745,4479,486,"3.07","0.33","📊 MONITOR - Consider if engagement improves"
"A Ghana Mi Sey (Audio Slide)",128449,1701,151,"1.32","0.12","📊 MONITOR - Consider if engagement improves"
"Sex In London (Audio)",78424,4350,557,"5.55","0.71","📊 MONITOR - Consider if engagement improves"
"Jee Jen (Getat) Audio",321311,7345,873,"2.29","0.27","📊 MONITOR - Consider if engagement improves"
"Ewi(Thief) Audio",71694,5080,553,"7.09","0.77","📊 MONITOR - Consider if engagement improves"
"Mahama Paper (Audio Slide)",228626,1691,85,"0.74","0.04","📊 MONITOR - Consider if engagement improves"
"Who Say (Shattamusic) Audio",419660,7595,1067,"1.81","0.25","📊 MONITOR - Consider if engagement improves"
"Campaign(Audio)",89097,5125,552,"5.75","0.62","📊 MONITOR - Consider if engagement improves"
"For The Money (Audio Slide)",59193,513,21,"0.87","0.04","📊 MONITOR - Consider if engagement improves"
"After The Storm [Intro] (Audio Slide)",74988,684,41,"0.91","0.05","📊 MONITOR - Consider if engagement improves"
"Shatta Wale – Am An Eagle (Audio Slide)",75104,1585,135,"2.11","0.18","📊 MONITOR - Consider if engagement improves"
"Flaunt (Audio Slide)",76734,4382,718,"5.71","0.94","📊 MONITOR - Consider if engagement improves"
"Global Champion (Audio Slide)",66690,5076,970,"7.61","1.45","📊 MONITOR - Consider if engagement improves"
"I Want To Be Like Bandana (Audio Slide)",68570,4356,598,"6.35","0.87","📊 MONITOR - Consider if engagement improves"
"Bandana Wor Man Ner Our Country (Audio Slide)",58133,880,100,"1.51","0.17","📊 MONITOR - Consider if engagement improves"
"Only God (Official Audio)",81950,4266,506,"5.21","0.62","📊 MONITOR - Consider if engagement improves"
"Kokonut (Official Audio)",79452,3411,331,"4.29","0.42","📊 MONITOR - Consider if engagement improves"
"Watch Me (Official Audio)",121161,4253,493,"3.51","0.41","📊 MONITOR - Consider if engagement improves"
"Beef Shatta (Official Audio)",80721,4504,475,"5.58","0.59","📊 MONITOR - Consider if engagement improves"
"Diss-Side (Official Audio)",88462,4582,812,"5.18","0.92","📊 MONITOR - Consider if engagement improves"
"Letter To Sarkodie (Audio Slide)",62151,1246,98,"2.00","0.16","📊 MONITOR - Consider if engagement improves"
"Jealousy (Audio Slide)",71155,4514,666,"6.34","0.94","📊 MONITOR - Consider if engagement improves"
"Prepare (Audio Slide)",78891,1296,125,"1.64","0.16","📊 MONITOR - Consider if engagement improves"
"10. Shatta Wale X Vybz Kartel - Mansa Musa (Official Audio)",304081,11201,1362,"3.68","0.45","📊 MONITOR - Consider if engagement improves"
"9. Show Mi (Official Audio)",83916,3415,394,"4.07","0.47","📊 MONITOR - Consider if engagement improves"
"8. Richer Than Last Year (Official Audio)",126700,4069,568,"3.21","0.45","📊 MONITOR - Consider if engagement improves"
"7. Killa Weapon (Official Audio)",51671,2753,340,"5.33","0.66","📊 MONITOR - Consider if engagement improves"
"6. Afrikan Kylie (Official Audio)",55866,2618,277,"4.69","0.50","📊 MONITOR - Consider if engagement improves"
"5. Did My Time (Official Audio)",95809,3948,476,"4.12","0.50","📊 MONITOR - Consider if engagement improves"
"4. Heartless (Official Audio)",56978,2574,278,"4.52","0.49","📊 MONITOR - Consider if engagement improves"
"3. They Will Know (Official Audio)",68266,3766,431,"5.52","0.63","📊 MONITOR - Consider if engagement improves"
"2. Inna Real Life (Official Audio)",79190,3049,344,"3.85","0.43","📊 MONITOR - Consider if engagement improves"
"1.Taking It (Official Audio)",76865,3536,402,"4.60","0.52","📊 MONITOR - Consider if engagement improves"
"Sixth Letter To Samini (Audio Slide)",150271,1923,142,"1.28","0.09","📊 MONITOR - Consider if engagement improves"
"A Goat Freestyle (Audio Slide)",57611,3821,588,"6.63","1.02","📊 MONITOR - Consider if engagement improves"
"You Want It (Audio Slide)",182191,2250,291,"1.23","0.16","📊 MONITOR - Consider if engagement improves"
"Red Flag Boy (Audio Slide)",51507,3597,424,"6.98","0.82","📊 MONITOR - Consider if engagement improves"
"Havanna (Audio Slide)",56170,896,76,"1.60","0.14","📊 MONITOR - Consider if engagement improves"
"No Cap (Audio Slide)",54164,3632,518,"6.71","0.96","📊 MONITOR - Consider if engagement improves"
"Longtime [Samini Diss] (Audio Slide)",102311,1903,172,"1.86","0.17","📊 MONITOR - Consider if engagement improves"
"Born Great (Official Audio)",66193,4059,519,"6.13","0.78","📊 MONITOR - Consider if engagement improves"
"Enter The Net (Audio Slide)",184335,1963,98,"1.06","0.05","📊 MONITOR - Consider if engagement improves"
"Second God (Audio Slide)",50922,3441,383,"6.76","0.75","📊 MONITOR - Consider if engagement improves"
"Dem Go Regret (Audio Slide)",69080,4378,461,"6.34","0.67","📊 MONITOR - Consider if engagement improves"
"One Of A Kind (Audio Slide)",74491,4531,636,"6.08","0.85","📊 MONITOR - Consider if engagement improves"
"London Bridge (Audio Slide)",76889,4656,746,"6.06","0.97","📊 MONITOR - Consider if engagement improves"
"Ferrari Ft. Criss Waddle (Audio Slide)",116124,1562,59,"1.35","0.05","📊 MONITOR - Consider if engagement improves"
"Bossu (Audio Slide)",94626,1075,93,"1.14","0.10","📊 MONITOR - Consider if engagement improves"
"Standard (Audio Slide)",66551,4325,586,"6.50","0.88","📊 MONITOR - Consider if engagement improves"
"Talk Talk (Audio Slide)",297496,3375,290,"1.13","0.10","📊 MONITOR - Consider if engagement improves"
"Bie Gya [Open Fire] (Audio Slide)",99634,546,71,"0.55","0.07","📊 MONITOR - Consider if engagement improves"
"Oobaake(Audio Slide)",132303,4730,531,"3.58","0.40","📊 MONITOR - Consider if engagement improves"
"Star Sign (Official Audio Slide)",69211,4618,602,"6.67","0.87","📊 MONITOR - Consider if engagement improves"
"Hahaha(Audio Slide)",55756,4053,559,"7.27","1.00","📊 MONITOR - Consider if engagement improves"
"Scam Dem (Audio Slide)",88124,1323,92,"1.50","0.10","📊 MONITOR - Consider if engagement improves"
"Yaa Mallam (Audio Slide)",58996,4355,611,"7.38","1.04","📊 MONITOR - Consider if engagement improves"
"Halleluyah [I Am Da Future] (Audio Slide)",151903,2158,239,"1.42","0.16","📊 MONITOR - Consider if engagement improves"
"Abonko (Audio Slide)",99335,6604,1126,"6.65","1.13","📊 MONITOR - Consider if engagement improves"
"Birthday (Official Audio)",802733,15397,1811,"1.92","0.23","📊 MONITOR - Consider if engagement improves"
"Mr Pundit (Audio Slide)",89625,5792,553,"6.46","0.62","📊 MONITOR - Consider if engagement improves"
"Kpuu Kpaa (Audio Slide)",232728,2745,174,"1.18","0.07","📊 MONITOR - Consider if engagement improves"
"Shatta Wale Ft. Davido - Wine Your Waist (Audio Slide)",420670,4651,356,"1.11","0.08","📊 MONITOR - Consider if engagement improves"
"Shatta Wale – Money Power Ft. Guru (Audio Slide)",107437,1142,65,"1.06","0.06","📊 MONITOR - Consider if engagement improves"
"Nun A Gwan (Audio Slide)",52580,833,96,"1.58","0.18","📊 MONITOR - Consider if engagement improves"
"A Nima Mi Seh (Audio Slide)",80808,1316,61,"1.63","0.08","📊 MONITOR - Consider if engagement improves"
"Keep Trying (Audio Slide)",57209,2839,345,"4.96","0.60","📊 MONITOR - Consider if engagement improves"
"Mr Bad Mind (Audio Slide)",53989,1101,104,"2.04","0.19","📊 MONITOR - Consider if engagement improves"
"Mafia (Audio Slide)",59277,3573,443,"6.03","0.75","📊 MONITOR - Consider if engagement improves"
"Society Contract (Audio Slide)",89524,6221,867,"6.95","0.97","📊 MONITOR - Consider if engagement improves"
"King Of Kings (Audio Slide)",216838,7815,876,"3.60","0.40","📊 MONITOR - Consider if engagement improves"
"Gym Your Pocket (Audio Slide)",61546,1027,85,"1.67","0.14","📊 MONITOR - Consider if engagement improves"
"J J C (Audio Slide)",496866,11300,1041,"2.27","0.21","📊 MONITOR - Consider if engagement improves"
"Bronya [Christmas] (Audio Slide)",80759,1243,102,"1.54","0.13","📊 MONITOR - Consider if engagement improves"
"Nana Vs Mahama (Audio Slide)",105321,1763,87,"1.67","0.08","📊 MONITOR - Consider if engagement improves"
"Sorry (Audio Slide)",355424,9474,1103,"2.67","0.31","📊 MONITOR - Consider if engagement improves"
"Shatta Wale – Go Mad Ft. Joint 77 (Audio Slide)",54116,648,21,"1.20","0.04","📊 MONITOR - Consider if engagement improves"
"Shoulder (Audio Slide)",302805,11025,1167,"3.64","0.39","📊 MONITOR - Consider if engagement improves"
"Gangsta No Deh Call Police [Ara B Diss] (Audio Slide)",264537,2785,142,"1.05","0.05","📊 MONITOR - Consider if engagement improves"
"Yawa Ni (Audio Slide)",81948,4100,477,"5.00","0.58","📊 MONITOR - Consider if engagement improves"
"King In A Life",58469,4038,468,"6.91","0.80","📊 MONITOR - Consider if engagement improves"
"Shatta Wale – I Laf Enter Mall (Audio Slide)",432639,3913,227,"0.90","0.05","📊 MONITOR - Consider if engagement improves"
"First Stone (Audio Slide)",105493,1658,154,"1.57","0.15","📊 MONITOR - Consider if engagement improves"
"Shatta Wale – Wumaami Tw3 Ft. S. A (Audio Slide)",91049,955,176,"1.05","0.19","📊 MONITOR - Consider if engagement improves"
"On God (Audio Slide)",904824,16719,1847,"1.85","0.20","📊 MONITOR - Consider if engagement improves"
"Dem A Fite Ghana (Audio Slide)",58832,637,38,"1.08","0.06","📊 MONITOR - Consider if engagement improves"
"Shatta Wale – Tail Light (Audio Slide)",97806,1049,81,"1.07","0.08","📊 MONITOR - Consider if engagement improves"
"Born Crey (Audio Slide)",56386,3574,447,"6.34","0.79","📊 MONITOR - Consider if engagement improves"
"No See Am Like That (Audio Slide)",69871,3780,366,"5.41","0.52","📊 MONITOR - Consider if engagement improves"
"Hosanna Ft. Burna Boy (Audio Slide)",285431,2377,64,"0.83","0.02","📊 MONITOR - Consider if engagement improves"
"Multi-Talented Freestyle (Audio Slide)",55856,4012,548,"7.18","0.98","📊 MONITOR - Consider if engagement improves"
"Umbrella (Audio Slide)",56534,513,40,"0.91","0.07","📊 MONITOR - Consider if engagement improves"
"Where U Deh (Audio Slide)",199623,1696,137,"0.85","0.07","📊 MONITOR - Consider if engagement improves"
"Dancehall Dweet (Audio Slide)",97667,5121,854,"5.24","0.87","📊 MONITOR - Consider if engagement improves"
"45 Calibre (Audio Slide)",59015,3729,431,"6.32","0.73","📊 MONITOR - Consider if engagement improves"
"Cartier Party (Audio Slide)",54075,3393,424,"6.27","0.78","📊 MONITOR - Consider if engagement improves"
"Likes (Audio Slide)",52643,976,63,"1.85","0.12","📊 MONITOR - Consider if engagement improves"
"Adansi3 (Testimony) (Audio Slide)",69076,4112,389,"5.95","0.56","📊 MONITOR - Consider if engagement improves"
"Shatta Wale X Jupitar - Like Summer (Audio Slide)",363181,7995,952,"2.20","0.26","📊 MONITOR - Consider if engagement improves"
"Landlord (Audio Slide)",174877,6128,818,"3.50","0.47","📊 MONITOR - Consider if engagement improves"
"Say Fi (Audio Slide)",97675,1071,57,"1.10","0.06","📊 MONITOR - Consider if engagement improves"
"Skin Pain (Audio Slide)",52507,586,36,"1.12","0.07","📊 MONITOR - Consider if engagement improves"
"Playboy (Audio Slide)",238112,7450,1029,"3.13","0.43","📊 MONITOR - Consider if engagement improves"
"Shatta Wale X Medikal - Why Always Me (Audio Slide)",78536,4757,325,"6.06","0.41","📊 MONITOR - Consider if engagement improves"
"Love Is A Medicine (Audio Slide)",69282,3434,285,"4.96","0.41","📊 MONITOR - Consider if engagement improves"
"Maya (Audio Slide)",69196,3517,299,"5.08","0.43","📊 MONITOR - Consider if engagement improves"
"Cool Down (Audio Slide)",93908,4210,413,"4.48","0.44","📊 MONITOR - Consider if engagement improves"
"One Man Killer (Audio Slide)",53180,836,54,"1.57","0.10","📊 MONITOR - Consider if engagement improves"
"Aplanke (Audio Slide)",60664,782,53,"1.29","0.09","📊 MONITOR - Consider if engagement improves"
"Ayoo (Audio Slide)",250669,1829,185,"0.73","0.07","📊 MONITOR - Consider if engagement improves"
"Jail Man (Audio Slide)",791146,17705,2200,"2.24","0.28","📊 MONITOR - Consider if engagement improves"
"Jackpot (Audio Slide)",63876,3368,676,"5.27","1.06","📊 MONITOR - Consider if engagement improves"
"Black Road (Audio Slide)",143328,5617,778,"3.92","0.54","📊 MONITOR - Consider if engagement improves"
"Am Blessed (Audio Slide)",50140,695,40,"1.39","0.08","📊 MONITOR - Consider if engagement improves"
"Sex Life Ft. Yadark (Audio Slide)",180750,4917,523,"2.72","0.29","📊 MONITOR - Consider if engagement improves"
"Ona (Audio Slide)",55855,3257,496,"5.83","0.89","📊 MONITOR - Consider if engagement improves"
"Cocoa Season (Audio Slide)",83528,649,29,"0.78","0.03","📊 MONITOR - Consider if engagement improves"
"Don'T Try [Criss Waddle Diss] (Audio Slide)",509050,4376,324,"0.86","0.06","📊 MONITOR - Consider if engagement improves"
"Comfortable Lead (Audio Slide)",55483,780,74,"1.41","0.13","📊 MONITOR - Consider if engagement improves"
"London Girls (Audio Slide)",429251,3368,222,"0.78","0.05","📊 MONITOR - Consider if engagement improves"
"Caan Stop Me [Tanzanite Riddim] (Audio Slide)",103580,1860,203,"1.80","0.20","📊 MONITOR - Consider if engagement improves"
"Allo Ft. Kwaw Kese (Audio Slide)",714257,5298,356,"0.74","0.05","📊 MONITOR - Consider if engagement improves"
"Too Late (Audio Slide)",87374,1852,227,"2.12","0.26","📊 MONITOR - Consider if engagement improves"
"Brokors (Audio Slide)",63551,3077,327,"4.84","0.51","📊 MONITOR - Consider if engagement improves"
"Dont Let Go (Audio Slide)",52559,2923,295,"5.56","0.56","📊 MONITOR - Consider if engagement improves"
"Free Up Di Gaza (Audio Slide)",130846,3270,367,"2.50","0.28","📊 MONITOR - Consider if engagement improves"
"Dem Confuse (Audio Slide)",128435,1246,32,"0.97","0.02","📊 MONITOR - Consider if engagement improves"
"You Shock Me (Audio Slide)",191838,1910,129,"1.00","0.07","📊 MONITOR - Consider if engagement improves"
"Getting Loud (Audio Slide)",68159,3283,444,"4.82","0.65","📊 MONITOR - Consider if engagement improves"
"Hope (Audio Slide)",51250,1231,110,"2.40","0.21","📊 MONITOR - Consider if engagement improves"
"Shatta Wale – High Like Heaven (Audio Slide)",57384,901,85,"1.57","0.15","📊 MONITOR - Consider if engagement improves"
"Real Monster (Audio Slide)",205562,2705,210,"1.32","0.10","📊 MONITOR - Consider if engagement improves"
"Maxwell Adam Mahama [Justice For Mahama] (Audio Slide)",335669,4461,456,"1.33","0.14","📊 MONITOR - Consider if engagement improves"
"One Thing (Audio Slide)",50623,3083,398,"6.09","0.79","📊 MONITOR - Consider if engagement improves"
"Ma Chargie 100% (Audio Slide)",191250,2172,211,"1.14","0.11","📊 MONITOR - Consider if engagement improves"
"Rolls Royce (Part 2) Audio Slide",97088,4874,685,"5.02","0.71","📊 MONITOR - Consider if engagement improves"
"Shatta Wale X Ara-B X Captan - Thugs (Audio Slide)",67561,4180,651,"6.19","0.96","📊 MONITOR - Consider if engagement improves"
"Level (Audio Slide)",288747,2421,182,"0.84","0.06","📊 MONITOR - Consider if engagement improves"
"Shatta Wale X Ara B - Party Mad (Audio Slide)",52523,3472,495,"6.61","0.94","📊 MONITOR - Consider if engagement improves"
"Big Dreamer (Audio Slide)",75314,5613,857,"7.45","1.14","📊 MONITOR - Consider if engagement improves"
"Big Man Ting (Audio Slide)",85541,3739,759,"4.37","0.89","📊 MONITOR - Consider if engagement improves"
"Go Shordy Ft. Majesty & Shatta Michy (Audio Slide)",169373,2282,240,"1.35","0.14","📊 MONITOR - Consider if engagement improves"
"I Don’T Care (Audio Slide)",62304,3027,400,"4.86","0.64","📊 MONITOR - Consider if engagement improves"
"What If [Symphony Riddim] (Audio Slide)",135498,4938,1163,"3.64","0.86","📊 MONITOR - Consider if engagement improves"
"Convos ( Audio Slide)",58407,3146,413,"5.39","0.71","📊 MONITOR - Consider if engagement improves"
"Mama (Audio Slide)",66867,1382,90,"2.07","0.13","📊 MONITOR - Consider if engagement improves"
"Network (Audio Slide)",77656,3846,542,"4.95","0.70","📊 MONITOR - Consider if engagement improves"
"Ashawo Friend ( Audio Slide)",127401,4292,658,"3.37","0.52","📊 MONITOR - Consider if engagement improves"
"Like Nyame [God] (Audio Slide)",83687,4347,522,"5.19","0.62","📊 MONITOR - Consider if engagement improves"
"Eye Red (Audio Slide)",79853,3849,451,"4.82","0.56","📊 MONITOR - Consider if engagement improves"
"Tamale (Audio Slide)",95766,1235,87,"1.29","0.09","📊 MONITOR - Consider if engagement improves"
"Can You (Audio Slide)",70165,4733,673,"6.75","0.96","📊 MONITOR - Consider if engagement improves"
"Bombers (Audio Slide) [Prod By Moneybeats]",95820,4379,773,"4.57","0.81","📊 MONITOR - Consider if engagement improves"
"Who Miss Me? (Audio Slide)",326310,8772,1348,"2.69","0.41","📊 MONITOR - Consider if engagement improves"
"Shatta Wale – Yawa (Audio Slide)",185987,1965,128,"1.06","0.07","📊 MONITOR - Consider if engagement improves"
"Amakor (Audio Slide)",68525,4287,529,"6.26","0.77","📊 MONITOR - Consider if engagement improves"
"Favor Of God (Official Audio)",120941,4616,516,"3.82","0.43","📊 MONITOR - Consider if engagement improves"
"We Taya (Audio Slide)",73882,4680,555,"6.33","0.75","📊 MONITOR - Consider if engagement improves"
"Obordorbidi (Audio Slide)",705748,4833,245,"0.68","0.03","📊 MONITOR - Consider if engagement improves"
"Dues (Official Audio)",61286,3977,465,"6.49","0.76","📊 MONITOR - Consider if engagement improves"
"Full Package (Audio Slide)",83728,5014,582,"5.99","0.70","📊 MONITOR - Consider if engagement improves"
"Penalty (Audio Slide)",131815,1698,186,"1.29","0.14","📊 MONITOR - Consider if engagement improves"
"Bulletproof (Audio Slide)",348912,2706,183,"0.78","0.05","📊 MONITOR - Consider if engagement improves"
"Allow (Official Audio)",83654,4724,643,"5.65","0.77","📊 MONITOR - Consider if engagement improves"
"Waitti (Audio Slide)",58696,706,69,"1.20","0.12","📊 MONITOR - Consider if engagement improves"
"Un Announcement 2 (Audio Slide )",54727,3429,490,"6.27","0.90","📊 MONITOR - Consider if engagement improves"
"Un General Announcement (Audio Slide)",66068,4260,663,"6.45","1.00","📊 MONITOR - Consider if engagement improves"
"Neighborhood Hero (Audio Slide)",61115,837,85,"1.37","0.14","📊 MONITOR - Consider if engagement improves"
"Ajey (Official Audio)",229226,7496,1091,"3.27","0.48","📊 MONITOR - Consider if engagement improves"
"It'S My Life [Sarkodie Diss] (Audio Slide)",363329,4146,212,"1.14","0.06","📊 MONITOR - Consider if engagement improves"
"Lift (Audio Slide)",74979,5317,832,"7.09","1.11","📊 MONITOR - Consider if engagement improves"
"Benzo (Audio Slide)",174522,6168,495,"3.53","0.28","📊 MONITOR - Consider if engagement improves"
"Shingbele (Official Audio)",99876,6381,807,"6.39","0.81","📊 MONITOR - Consider if engagement improves"
"Play Nonesense (Audio Slide)",73145,4784,659,"6.54","0.90","📊 MONITOR - Consider if engagement improves"
"Bushmeat (Audio Slide)",56793,3091,363,"5.44","0.64","📊 MONITOR - Consider if engagement improves"
"Munga Honorable, Tifa, Party With The Stars (Audio Visual)",55197,2948,305,"5.34","0.55","📊 MONITOR - Consider if engagement improves"
"Trust No Telephone (Audio Slide)",71033,4435,556,"6.24","0.78","📊 MONITOR - Consider if engagement improves"
"Control Ghana Ft. Addi Self & Captan (Audio Slide)",267912,2426,169,"0.91","0.06","📊 MONITOR - Consider if engagement improves"
"Power (Audio Slide)",67756,3190,365,"4.71","0.54","📊 MONITOR - Consider if engagement improves"
"Duna (Audio Slide)",281915,2533,213,"0.90","0.08","📊 MONITOR - Consider if engagement improves"
"Success Tomorrow (Audio Slide )",131945,5046,686,"3.82","0.52","📊 MONITOR - Consider if engagement improves"
"P.I.C. [Partner In Crime] (Audio Slide)",50482,3621,496,"7.17","0.98","📊 MONITOR - Consider if engagement improves"
"Shatta Wale – M3Gya Agbagba [I Try] (Audio Slide)",76628,1069,60,"1.40","0.08","📊 MONITOR - Consider if engagement improves"
"Freedom (Audio Slide)",2001190,16626,570,"0.83","0.03","📊 MONITOR - Consider if engagement improves"
"Brutally Honest (Audio Slide)",75438,4809,823,"6.37","1.09","📊 MONITOR - Consider if engagement improves"
"Stop Landguard (Audio Slide)",69892,876,54,"1.25","0.08","📊 MONITOR - Consider if engagement improves"
"Just Make Da Money (Audio Slide)",69773,1034,98,"1.48","0.14","📊 MONITOR - Consider if engagement improves"
"Automatically (Audio Slide)",84092,5576,852,"6.63","1.01","📊 MONITOR - Consider if engagement improves"
"Rookie (Audio Slide)",98200,6215,924,"6.33","0.94","📊 MONITOR - Consider if engagement improves"
"See Da Fool (Audio Slide)",436921,3993,292,"0.91","0.07","📊 MONITOR - Consider if engagement improves"
"Shame On You (Audio Slide)",62855,895,47,"1.42","0.07","📊 MONITOR - Consider if engagement improves"
"Oh Ghana (Audio Slide)",60829,812,69,"1.33","0.11","📊 MONITOR - Consider if engagement improves"
"So Long (Audio Slide)",96440,4751,534,"4.93","0.55","📊 MONITOR - Consider if engagement improves"
"Miss Money Ft. Medikal (Audio Slide)",287929,9017,931,"3.13","0.32","📊 MONITOR - Consider if engagement improves"
"Disaster (Audio Slide)",90419,1257,177,"1.39","0.20","📊 MONITOR - Consider if engagement improves"
"Dweet Dirty (Audio Slide)",71229,3178,380,"4.46","0.53","📊 MONITOR - Consider if engagement improves"
"Your Life (Audio Slide)",69113,4201,0,"6.08","0.00","📊 MONITOR - Consider if engagement improves"
"Greatest (Audio Slide)",66294,4217,679,"6.36","1.02","📊 MONITOR - Consider if engagement improves"
"Settings (Audio Slide)",90772,6602,1489,"7.27","1.64","📊 MONITOR - Consider if engagement improves"
"Dancehall Landlord [Diss To Patoranking & Timaya] (Audio Slide)",56284,966,285,"1.72","0.51","📊 MONITOR - Consider if engagement improves"
"Patoranking (Audio Slide)",63569,1113,271,"1.75","0.43","📊 MONITOR - Consider if engagement improves"
"Lyrical Tatoo (Audio Slide)",71912,3915,577,"5.44","0.80","📊 MONITOR - Consider if engagement improves"
"Alien (Audio Slide)",59570,3131,473,"5.26","0.79","📊 MONITOR - Consider if engagement improves"
"Ama Rita (Audio Slide)",76920,3808,478,"4.95","0.62","📊 MONITOR - Consider if engagement improves"
"Sweet Palava (Audio Slide)",82341,3771,608,"4.58","0.74","📊 MONITOR - Consider if engagement improves"
"Oluwa Is My Boss (Audio Slide)",156909,2057,342,"1.31","0.22","📊 MONITOR - Consider if engagement improves"
"Street Nigga (Audio Slide)",101100,3987,338,"3.94","0.33","📊 MONITOR - Consider if engagement improves"
"Stand Tuff (Audio Slide)",92463,3904,345,"4.22","0.37","📊 MONITOR - Consider if engagement improves"
"One Day (Audio Slide)",114998,3860,325,"3.36","0.28","📊 MONITOR - Consider if engagement improves"
"Shatta Wale – Satan Company (Audio Slide)",233135,2552,205,"1.09","0.09","📊 MONITOR - Consider if engagement improves"
"Book Of Psalms (Audio Slide)",67390,3729,398,"5.53","0.59","📊 MONITOR - Consider if engagement improves"
"Fan Fool (Audio Slide)",83916,3073,256,"3.66","0.31","📊 MONITOR - Consider if engagement improves"
"Knock Lock (Audio Slide)",58919,3051,300,"5.18","0.51","📊 MONITOR - Consider if engagement improves"
"Future Dollar (Audio Slide)",76427,3885,575,"5.08","0.75","📊 MONITOR - Consider if engagement improves"
"Timaya (Audio Slide)",80288,1252,297,"1.56","0.37","📊 MONITOR - Consider if engagement improves"
"Destiny (Official Audio)",144727,4458,424,"3.08","0.29","📊 MONITOR - Consider if engagement improves"
"Scumbag (Audio Slide)",90562,3750,479,"4.14","0.53","📊 MONITOR - Consider if engagement improves"
"Stars And Space (Audio Slide)",80176,3508,570,"4.38","0.71","📊 MONITOR - Consider if engagement improves"
"Little Tip [Sarkodie Diss] (Audio Slide)",286132,6706,1869,"2.34","0.65","📊 MONITOR - Consider if engagement improves"
"Zion (Audio Slide)",92575,4048,445,"4.37","0.48","📊 MONITOR - Consider if engagement improves"
"Shatta Michy - Cheating (Audio Slide)",136270,2321,252,"1.70","0.18","📊 MONITOR - Consider if engagement improves"
"African Mandiba (Official Video)",1445454,33765,4815,"2.34","0.33","🎬 Has Video - Track Performance"
"Lonely Victory (Official Video)",126722,11588,1380,"9.14","1.09","🎬 Has Video - Track Performance"
"Shatta Wale, DJ Mac, Crash Dummy - Danger (Official Music Video ) | Wyfl Riddim",226545,13574,1641,"5.99","0.72","🎬 Has Video - Track Performance"
"48Hrs (Visualizer)",43794,6128,764,"13.99","1.74","🎬 Has Video - Track Performance"
"Big Lie Dat - DJ Mac Riddim",238823,10959,2163,"4.59","0.91","🎬 Has Video - Track Performance"
"Tell Ya Man (Official Video)",135215,10088,1059,"7.46","0.78","🎬 Has Video - Track Performance"
"Letter To Maali (Official Video)",135449,7888,835,"5.82","0.62","🎬 Has Video - Track Performance"
"Jealousy (Official Video)",188273,11623,1228,"6.17","0.65","🎬 Has Video - Track Performance"
"Shattafest (Visualizer)",191942,10227,825,"5.33","0.43","🎬 Has Video - Track Performance"
"Playboy (Official Video)",992573,30523,2873,"3.08","0.29","🎬 Has Video - Track Performance"
"Shatta Wale X Vybz Kartel - Street Crown (Remix) Visualizer",338137,16134,2411,"4.77","0.71","🎬 Has Video - Track Performance"
"Pancake (Official Video)",2444232,37201,3763,"1.52","0.15","🎬 Has Video - Track Performance"
"God Is Here",169709,6735,645,"3.97","0.38","🎬 Has Video - Track Performance"
"Street Crown",2758001,42990,5629,"1.56","0.20","🎬 Has Video - Track Performance"
"So Real , So Me (Official Video)",885150,17107,1868,"1.93","0.21","🎬 Has Video - Track Performance"
"Play Nonsense",91522,3948,380,"4.31","0.42","🎬 Has Video - Track Performance"
"The King Solomon Freestyle",81457,4474,420,"5.49","0.52","🎬 Has Video - Track Performance"
"Rolls Royce (Official Video)",387949,10640,939,"2.74","0.24","🎬 Has Video - Track Performance"
"Murky (Rolls Royce Pt 3)",73255,4443,521,"6.07","0.71","🎬 Has Video - Track Performance"
"Jo Lese Prod By Damaker X Altrayd",428658,13932,2642,"3.25","0.62","🎬 Has Video - Track Performance"
"Clap ( Visualizer)",309261,11883,1411,"3.84","0.46","🎬 Has Video - Track Performance"
"Trackers Mind (Visualizer)",179577,7747,1028,"4.31","0.57","🎬 Has Video - Track Performance"
"Tuffa Dan Who (Visualizer)",818875,13843,1649,"1.69","0.20","🎬 Has Video - Track Performance"
"Wash (Official Video)",1860040,37240,4055,"2.00","0.22","🎬 Has Video - Track Performance"
"Accra Ft P.Blood, J.Quaye, Blakid,Z. Ranking,Kinjunia,Sanaa,D.Gennah,B.Cray, Shattonzy",713750,24221,6620,"3.39","0.93","🎬 Has Video - Track Performance"
"Money Man (Visualizer)",160487,5914,589,"3.69","0.37","🎬 Has Video - Track Performance"
"Wash (Visualizer)",204437,9342,1440,"4.57","0.70","🎬 Has Video - Track Performance"
"Money Man (Party Vibe)",49072,5935,239,"12.09","0.49","🎬 Has Video - Track Performance"
"Money Man",166688,5750,748,"3.45","0.45","🎬 Has Video - Track Performance"
"Shatta Lighter",165188,4919,623,"2.98","0.38","🎬 Has Video - Track Performance"
"Preach On",125272,4046,469,"3.23","0.37","🎬 Has Video - Track Performance"
"Killa Ji Mi",104617,2121,250,"2.03","0.24","🎬 Has Video - Track Performance"
"Ogya (Fire) Ft Wendy Shay",130989,5177,616,"3.95","0.47","🎬 Has Video - Track Performance"
"Richest Man In Babylon",113032,3841,516,"3.40","0.46","🎬 Has Video - Track Performance"
"Demi God",228940,4733,563,"2.07","0.25","🎬 Has Video - Track Performance"
"Man Call God",201135,5194,635,"2.58","0.32","🎬 Has Video - Track Performance"
"Hey Uncle",305476,6959,1036,"2.28","0.34","🎬 Has Video - Track Performance"
"Minamino Sin",83652,1719,202,"2.05","0.24","🎬 Has Video - Track Performance"
"I Know",90109,2082,221,"2.31","0.25","🎬 Has Video - Track Performance"
"Blessings Ft Amerado",149940,2486,298,"1.66","0.20","🎬 Has Video - Track Performance"
"No Size",129541,3838,515,"2.96","0.40","🎬 Has Video - Track Performance"
"Accra",276532,6080,723,"2.20","0.26","🎬 Has Video - Track Performance"
"Default (Official Video)",359713,13739,1614,"3.82","0.45","🎬 Has Video - Track Performance"
"Killa Ji Mi (Official Video)",3700723,49419,4667,"1.34","0.13","🎬 Has Video - Track Performance"
"Rise Like Dollar (Official Video)",340451,16133,1590,"4.74","0.47","🎬 Has Video - Track Performance"
"Iangtjty (Official Video)",1625700,26037,2176,"1.60","0.13","🎬 Has Video - Track Performance"
"When I Bore (Official Video)",301173,11495,1127,"3.82","0.37","🎬 Has Video - Track Performance"
"Minamino Sin (Official Video)",3034809,42303,2881,"1.39","0.09","🎬 Has Video - Track Performance"
"Minamino Sin (Visualizer)",1137817,17774,1420,"1.56","0.12","🎬 Has Video - Track Performance"
"Balloon (Official Video)",431288,14707,1525,"3.41","0.35","🎬 Has Video - Track Performance"
"Balloon Dropping Soon",13006,1020,84,"7.84","0.65","🎬 Has Video - Track Performance"
"Balloon Dropping Soon ??",12540,980,41,"7.81","0.33","🎬 Has Video - Track Performance"
"#Incoming Ft Tekno",18551,2173,89,"11.71","0.48","🎬 Has Video - Track Performance"
"Filo (Acoustic Version )",68245,4999,680,"7.33","1.00","🎬 Has Video - Track Performance"
"Born Great (Official Video)",153295,8394,1043,"5.48","0.68","🎬 Has Video - Track Performance"
"Wetin (Official Video)",550497,15028,1949,"2.73","0.35","🎬 Has Video - Track Performance"
"Taking It (Official Video)",374139,11217,1031,"3.00","0.28","🎬 Has Video - Track Performance"
"They Will Know (Official Video)",647006,17139,1807,"2.65","0.28","🎬 Has Video - Track Performance"
"Badman (Official Video)",392363,14668,2006,"3.74","0.51","🎬 Has Video - Track Performance"
"We Deh Inside (Visualizer) #Shattamusic",305238,6822,769,"2.23","0.25","🎬 Has Video - Track Performance"
"Aviator (Visualizer)",162793,7297,821,"4.48","0.50","🎬 Has Video - Track Performance"
"My Story (Lyric Video)",53015,3815,453,"7.20","0.85","🎬 Has Video - Track Performance"
"Shatta Wale Ft. Opanka - Understand (Lyric Video)",59495,3971,438,"6.67","0.74","🎬 Has Video - Track Performance"
"Adole (Official Video)",364501,13012,1722,"3.57","0.47","🎬 Has Video - Track Performance"
"Competition (Official Video)",273938,11725,1246,"4.28","0.45","🎬 Has Video - Track Performance"
"Don’T Call Me (Lyric Video)",87310,4197,366,"4.81","0.42","🎬 Has Video - Track Performance"
"Keep Trying (Lyric Video)",56173,3274,275,"5.83","0.49","🎬 Has Video - Track Performance"
"No Brain (Lyric Video)",118163,4442,542,"3.76","0.46","🎬 Has Video - Track Performance"
"Doing What Real G’S Do With Medikal",21948,1709,127,"7.79","0.58","🎬 Has Video - Track Performance"
"Cash Out (Official Lyric Video)",379379,17960,4319,"4.73","1.14","🎬 Has Video - Track Performance"
"Gift Of God Album Cover",60485,5637,597,"9.32","0.99","🎬 Has Video - Track Performance"
"Gog Roll Out",61865,4965,403,"8.03","0.65","🎬 Has Video - Track Performance"
"God Is My Gun",49354,2603,207,"5.27","0.42","🎬 Has Video - Track Performance"
"Wha’ Da …#&@***",98599,6435,851,"6.53","0.86","🎬 Has Video - Track Performance"
"M.O.E.T (Official Video)",193351,10623,1046,"5.49","0.54","🎬 Has Video - Track Performance"
"Rising Youth (Official Video)",1310498,29545,2432,"2.25","0.19","🎬 Has Video - Track Performance"
"Why Always Me Ft Medikal (Official Video)",672199,16222,1083,"2.41","0.16","🎬 Has Video - Track Performance"
"On God (Official Video)",26549521,200863,18724,"0.76","0.07","🎬 Has Video - Track Performance"
"Ara B - Senseless Life (Official Video)",46781,3849,207,"8.23","0.44","🎬 Has Video - Track Performance"
"Shatta Wale X Medikal - Deeper Than Blood (Official Video )",426995,15865,1551,"3.72","0.36","🎬 Has Video - Track Performance"
"Fear Mi (Official Video)",260695,8682,504,"3.33","0.19","🎬 Has Video - Track Performance"
"Bess Lyf (Official Video)",2014144,30729,2332,"1.53","0.12","🎬 Has Video - Track Performance"
"Abnormal Temperature. (Freestyle)",47542,3321,381,"6.99","0.80","🎬 Has Video - Track Performance"
"Jail Man (Viral Video)",875252,15609,981,"1.78","0.11","🎬 Has Video - Track Performance"
"Like Summer - Shatta X Medikal On A Vacation Somewhere In Ghana ??????",34413,1853,133,"5.38","0.39","🎬 Has Video - Track Performance"
"I Pray (Official Video)",386132,11264,747,"2.92","0.19","🎬 Has Video - Track Performance"
"Love Is A Medicine (Official Video)",217393,7719,566,"3.55","0.26","🎬 Has Video - Track Performance"
"Thugs Feat. Ara B X Captan (Official Video)",364034,11617,1216,"3.19","0.33","🎬 Has Video - Track Performance"
"Agraadaa (Official Video)",968754,17219,1202,"1.78","0.12","🎬 Has Video - Track Performance"
"Hmmm Chale Ft. Ara-B (Official Video)",396226,11441,1180,"2.89","0.30","🎬 Has Video - Track Performance"
"Panai (Official Video)",277210,10095,969,"3.64","0.35","🎬 Has Video - Track Performance"
"It'S A Must (Official Video )",277268,10615,1147,"3.83","0.41","🎬 Has Video - Track Performance"
"Botoe [Listen] (Official Video)",1045934,23150,3717,"2.21","0.36","🎬 Has Video - Track Performance"
"Bullet Proof Vest (Official Lyrics Video)",70784,3457,475,"4.88","0.67","🎬 Has Video - Track Performance"
"Best Of Myself (Viral Video)",305125,10479,1140,"3.43","0.37","🎬 Has Video - Track Performance"
"Piece Of Cake (Official Video)",180857,9150,721,"5.06","0.40","🎬 Has Video - Track Performance"
"Badda General, Zj Liquid, Stylo G, Shatta Wale & Gold Up - Barrel Remix (Official Video)",184446,7927,777,"4.30","0.42","🎬 Has Video - Track Performance"
"More Loving (Official Video)",957817,19746,2060,"2.06","0.22","🎬 Has Video - Track Performance"
"Rich Life Feat. Disastrous (Official Video)",215899,11848,1368,"5.49","0.63","🎬 Has Video - Track Performance"
"Shatta Wale, Skillibeng & Gold Up – Blow Up (Official Lyric Video)",479484,19194,2452,"4.00","0.51","🎬 Has Video - Track Performance"
"Your Life (Official Video)",338016,11555,1271,"3.42","0.38","🎬 Has Video - Track Performance"
"Blackboard (Viral Video)",115316,7051,531,"6.11","0.46","🎬 Has Video - Track Performance"
"Full Up (Viral Video)",238478,9620,803,"4.03","0.34","🎬 Has Video - Track Performance"
"Lift (Viral Video)",766151,18001,1418,"2.35","0.19","🎬 Has Video - Track Performance"
"Mad Ting Ft. Captan (Official Video)",626861,18304,1607,"2.92","0.26","🎬 Has Video - Track Performance"
"@Shattawalegh - Azaa Ft. @Ypeebaakop3 (Official Video)",348958,13884,1267,"3.98","0.36","🎬 Has Video - Track Performance"
"Different Star (Studio Session Video)",552776,13979,1069,"2.53","0.19","🎬 Has Video - Track Performance"
"1 Don (Official Video)",2637385,46500,5269,"1.76","0.20","🎬 Has Video - Track Performance"
"Hajia Bintu Ft. Ara B & Captan (Official Video)",4579296,68882,5334,"1.50","0.12","🎬 Has Video - Track Performance"
"Ahodwo Las Vegas Ft. Kofi Jamar, K. Flick, Phrimpong, Phaize, K. Paluta, Amerado, Ypee",2243155,41222,4038,"1.84","0.18","🎬 Has Video - Track Performance"
"Choppings (Viral)",538610,10978,1187,"2.04","0.22","🎬 Has Video - Track Performance"
"Bad Man Starring Efia Odo (Official Video)",654310,24288,2000,"3.71","0.31","🎬 Has Video - Track Performance"
"Instinct Road (Viral Video )",49537,3401,292,"6.87","0.59","🎬 Has Video - Track Performance"
"Greatest (Official Video)",236365,9914,908,"4.19","0.38","🎬 Has Video - Track Performance"
"Sleepless Night (Official Video)",882075,20161,2507,"2.29","0.28","🎬 Has Video - Track Performance"
"Stars And Space (Animation Video)",97748,4088,324,"4.18","0.33","🎬 Has Video - Track Performance"
"April Fool (Animation Video)",63311,3214,211,"5.08","0.33","🎬 Has Video - Track Performance"
"Shatta Wale & Militants - Chacha (Official Video)",506904,11910,1041,"2.35","0.21","🎬 Has Video - Track Performance"
"Horny [Animation Video]",285211,8191,577,"2.87","0.20","🎬 Has Video - Track Performance"
"Top Speed (Official Video)",450234,14087,1391,"3.13","0.31","🎬 Has Video - Track Performance"
"Akwele Take (Official Video)",982150,18345,1685,"1.87","0.17","🎬 Has Video - Track Performance"
"Time No Dey (Official Video)",1216196,21302,1547,"1.75","0.13","🎬 Has Video - Track Performance"
"Borjor (Official Video)",3008167,29227,2227,"0.97","0.07","🎬 Has Video - Track Performance"
"The Prophecy (Official Video)",2654394,28967,1884,"1.09","0.07","🎬 Has Video - Track Performance"
"Addi Self - Trust Your Love (Lyrics Video)",17171,794,68,"4.62","0.40","🎬 Has Video - Track Performance"
"Natty Lee - Olympics (Official Video)",290749,6489,468,"2.23","0.16","🎬 Has Video - Track Performance"
"Be Afraid (Lyrics Video)",481563,8487,989,"1.76","0.21","🎬 Has Video - Track Performance"
"Melissa (Official Video)",7183475,49478,3355,"0.69","0.05","🎬 Has Video - Track Performance"
"God Is Alive (Official Video)",569604,11547,989,"2.03","0.17","🎬 Has Video - Track Performance"
"Miami Heights",72159,2426,328,"3.36","0.45","🎬 Has Video - Track Performance"
"Swizz Bank (Official Video)",311480,6553,665,"2.10","0.21","🎬 Has Video - Track Performance"
"Swizz Bank",90501,3051,607,"3.37","0.67","🎬 Has Video - Track Performance"
"Weekend Love (Lyric Video)",35869,1271,130,"3.54","0.36","🎬 Has Video - Track Performance"
"Weekend Love",33053,1251,238,"3.78","0.72","🎬 Has Video - Track Performance"
"Addi Self - Future Picture (Official Video)",182456,4908,376,"2.69","0.21","🎬 Has Video - Track Performance"
"Store Room (Official Video)",341143,7274,839,"2.13","0.25","🎬 Has Video - Track Performance"
"When You Fail",45327,1429,153,"3.15","0.34","🎬 Has Video - Track Performance"
"Crazy (Official Video)",709795,11933,989,"1.68","0.14","🎬 Has Video - Track Performance"
"Shatta Wale, 9Tyz - Shatta With 9 - (Lyrics Video)",28009,1400,187,"5.00","0.67","🎬 Has Video - Track Performance"
"Island (Official Video)",1354210,21370,1930,"1.58","0.14","🎬 Has Video - Track Performance"
"Addi Self - Born Bad (Official Video)",73796,2724,352,"3.69","0.48","🎬 Has Video - Track Performance"
"Road Trip To The Treasure Island",98736,3016,226,"3.05","0.23","🎬 Has Video - Track Performance"
"Island (Official Lyrics Video)",290303,5574,753,"1.92","0.26","🎬 Has Video - Track Performance"
"Only Dem (Viral Video)",1005267,10919,975,"1.09","0.10","🎬 Has Video - Track Performance"
"My Level (Official Video)",16849022,83337,4514,"0.49","0.03","🎬 Has Video - Track Performance"
"Asylum Money (Viral Video)",295779,5980,803,"2.02","0.27","🎬 Has Video - Track Performance"
"Shatta Michy - Spend Di Money (Official Video)",260802,6457,551,"2.48","0.21","🎬 Has Video - Track Performance"
"What Is Coming (Rihanna Love On The Brain Cover) [Viral Video]",125228,4320,500,"3.45","0.40","🎬 Has Video - Track Performance"
"Satanic (Animation Video)",276649,5509,986,"1.99","0.36","🎬 Has Video - Track Performance"
"Mind Made Up (Official Video)",700959,11523,1179,"1.64","0.17","🎬 Has Video - Track Performance"
"Natty Lee - You Lied (Viral Video)",14011,610,70,"4.35","0.50","🎬 Has Video - Track Performance"
"Thunder Fire Ft. Sm Militants (Official Video)",6052750,34894,1806,"0.58","0.03","🎬 Has Video - Track Performance"
"Freestyle Parade (Viral Video)",265977,5251,497,"1.97","0.19","🎬 Has Video - Track Performance"
"Gringo (Official Video)",2860487,39750,4246,"1.39","0.15","🎬 Has Video - Track Performance"
"Bullet Proof (Official Video)",13310265,49392,2563,"0.37","0.02","🎬 Has Video - Track Performance"
"Shatta Michy - Cheating (Official Video)",577996,7243,554,"1.25","0.10","🎬 Has Video - Track Performance"
"Addi Self - Today Too (Official Video)",234284,3774,212,"1.61","0.09","🎬 Has Video - Track Performance"
"Captan - Don'T Complain (Official Video)",314603,6388,311,"2.03","0.10","🎬 Has Video - Track Performance"
"Joint 77 - Otophista (Official Video)",154234,2489,184,"1.61","0.12","🎬 Has Video - Track Performance"
"Nobody Go Talk (Official Video)",684039,7096,605,"1.04","0.09","🎬 Has Video - Track Performance"
"Libya (Viral Video)",23512,818,129,"3.48","0.55","🎬 Has Video - Track Performance"
"Star Boy (Viral Video)",1936061,16458,894,"0.85","0.05","🎬 Has Video - Track Performance"
"Life Changer (Official Video)",846322,8933,603,"1.06","0.07","🎬 Has Video - Track Performance"
"Feel So Stupid (Official Video)",181399,2534,184,"1.40","0.10","🎬 Has Video - Track Performance"
"Inna Dancehall [Rave Riddim] (Official Video)",281462,3296,227,"1.17","0.08","🎬 Has Video - Track Performance"
"Fool Is The Last To Know (Official Video)",636962,6665,574,"1.05","0.09","🎬 Has Video - Track Performance"
"Dem Confuse (Official Video)",5463228,30102,1577,"0.55","0.03","🎬 Has Video - Track Performance"
"Mayatra Ft. Pope Skinny (Official Video)",594260,6187,439,"1.04","0.07","🎬 Has Video - Track Performance"
"Lousika - D3D33De (Official Video)",49686,682,81,"1.37","0.16","🎬 Has Video - Track Performance"
"Lousika Ft. Opampam (Official Video)",1197982,9692,532,"0.81","0.04","🎬 Has Video - Track Performance"
"Forgetti Ft. Joint 77, Addi Self, Pope Skinny, Captan & Natty Lee (Official Video)",8307009,30339,1390,"0.37","0.02","🎬 Has Video - Track Performance"
"Shatta Wale Ft Shatta Michy - Low Tempo (Official Video)",6843397,31678,1565,"0.46","0.02","🎬 Has Video - Track Performance"
"Bandana (Shatta Wale) - Shatta City (Official Video)",209128,2191,124,"1.05","0.06","🎬 Has Video - Track Performance"
"Umbrella (Official Video)",3110812,20607,1022,"0.66","0.03","🎬 Has Video - Track Performance"
"Bumper (Official Video)",11435852,27619,1086,"0.24","0.01","🎬 Has Video - Track Performance"
"Ayoo (Official Video)",19884699,87486,4084,"0.44","0.02","🎬 Has Video - Track Performance"
"Taking Over Ft. Joint 77, Addi Self & Captan (Official Video",26073872,114436,5184,"0.44","0.02","🎬 Has Video - Track Performance"
"Rapture (Official Video)",498310,5881,421,"1.18","0.08","🎬 Has Video - Track Performance"
"Strongman (Official Video)",333742,3115,158,"0.93","0.05","🎬 Has Video - Track Performance"
"Don'T Go There (Official Video)",873544,6621,361,"0.76","0.04","🎬 Has Video - Track Performance"
"Mechanism (Official Video)",637405,5738,382,"0.90","0.06","🎬 Has Video - Track Performance"
"Cocoa Season (Official Video)",969798,8038,426,"0.83","0.04","🎬 Has Video - Track Performance"
"Come To My Room (Official Video)",35241,693,32,"1.97","0.09","🎬 Has Video - Track Performance"
"Bandana (Shatta Wale) - Ice Cream (Official Video)",109739,2227,137,"2.03","0.12","🎬 Has Video - Track Performance"
"Prove You Wrong (Official Video)",2006721,17374,1281,"0.87","0.06","🎬 Has Video - Track Performance"
"Pull Wi Down (Official Video)",445371,4977,276,"1.12","0.06","🎬 Has Video - Track Performance"
"Run (Official Video)",140357,1929,129,"1.37","0.09","🎬 Has Video - Track Performance"
"Warn Dem (Official Video)",367321,4862,365,"1.32","0.10","🎬 Has Video - Track Performance"
"Kakai (Official Video)",4534779,25736,1197,"0.57","0.03","🎬 Has Video - Track Performance"
"Bie Gya (Official Video)",1716471,0,643,"0.00","0.04","🎬 Has Video - Track Performance"
"Baby (Chop Kiss) [Official Video]",9959490,47834,1682,"0.48","0.02","🎬 Has Video - Track Performance"
"Story To Tell (Official Video)",1317366,11161,792,"0.85","0.06","🎬 Has Video - Track Performance"
"Kill Dem Prayers (Official Video)",2731067,19015,1366,"0.70","0.05","🎬 Has Video - Track Performance"
"Too Much Chemikal (Official Video)",232778,3022,240,"1.30","0.10","🎬 Has Video - Track Performance"
"Bandana - Moko Hoo Ft. Tinny (Official Video)",726492,11904,1054,"1.64","0.15","🎬 Has Video - Track Performance"
"Krom Ayer Shi (Town Make Hot) [Official Video]",448254,3215,175,"0.72","0.04","🎬 Has Video - Track Performance"
"Shatta Story (Official Video)",335513,4368,394,"1.30","0.12","🎬 Has Video - Track Performance"
"Disastrous - Mi Sumo Ft. Shatta Wale (Official Video)",41570,672,50,"1.62","0.12","🎬 Has Video - Track Performance"
"Reality (Official Video)",1478597,11081,1024,"0.75","0.07","🎬 Has Video - Track Performance"
"Moesbw - Twerk And Dance Ft. Shatta Wale (Official Video)",53128,867,36,"1.63","0.07","🎬 Has Video - Track Performance"
"Romantic Ft. Patoranking (Official Video)",553264,4641,249,"0.84","0.05","🎬 Has Video - Track Performance"
"Get That From (Official Video)",1188227,5708,401,"0.48","0.03","🎬 Has Video - Track Performance"
"Krom Ay3 Shi (Freestyle Video)",4711,106,11,"2.25","0.23","🎬 Has Video - Track Performance"
"Gather Around (Official Video)",509036,4001,251,"0.79","0.05","🎬 Has Video - Track Performance"
"Magical Year (Freestyle Video)",12669,264,19,"2.08","0.15","🎬 Has Video - Track Performance"
"Dancehall Queen Ft. Mzvee (Official Video)",170848,2684,186,"1.57","0.11","🎬 Has Video - Track Performance"
"Pussy Arrest (Official Video)",304753,2478,243,"0.81","0.08","🎬 Has Video - Track Performance"
"I Am Blessed (Official Video)",1045078,8723,755,"0.83","0.07","🎬 Has Video - Track Performance"
"Today And Tomorrow (Official Video)",328064,2541,135,"0.77","0.04","🎬 Has Video - Track Performance"
"Maserati (Official Video)",572265,3365,186,"0.59","0.03","🎬 Has Video - Track Performance"
"We Rose Him We Froze Him (Official Video)",550554,4965,362,"0.90","0.07","🎬 Has Video - Track Performance"
"Inna Mi Party Ft. D-Black [Official Video]",324288,2461,194,"0.76","0.06","🎬 Has Video - Track Performance"
"You Can'T Touch Me [Official Video]",1266680,8539,564,"0.67","0.04","🎬 Has Video - Track Performance"
"Gal Wuk It [Official Video]",1414376,6912,480,"0.49","0.03","🎬 Has Video - Track Performance"
"Real Hustler [Official Video]",478919,4286,352,"0.89","0.07","🎬 Has Video - Track Performance"
"Bandana (Shatta Wale) - Kings Of Dc Ft. Sonni Balli [Official Video]",202471,2851,255,"1.41","0.13","🎬 Has Video - Track Performance"
"Shattta Wale - Everybody Like My Tin (Official Video)",3140817,25337,1206,"0.81","0.04","🎬 Has Video - Track Performance"
"Dancehall King [Official Video]",5119765,28727,1932,"0.56","0.04","🎬 Has Video - Track Performance"
"Talk Too Much [Official Video]",315210,2057,128,"0.65","0.04","🎬 Has Video - Track Performance"
"Bandana (Shatta Wale) - Mi Size [Official Video]",148968,1604,118,"1.08","0.08","🎬 Has Video - Track Performance"
"Bandana (Shatta Wale) - New Year [Official Video]",224633,2190,202,"0.97","0.09","🎬 Has Video - Track Performance"
"Letter To Iwan [Official Video]",173570,2211,245,"1.27","0.14","🎬 Has Video - Track Performance"
"How Far (Video)",114191,8100,706,"7.09","0.62","🎬 Has Video - Track Performance"
"Forgive You (Official Video)",54598,2700,1234,"4.95","2.26","🎬 Has Video - Track Performance"
"Digital Beggar(Shattamusic) Audio",119206,5074,867,"4.26","0.73","✅ RECOMMENDED - Should Make Video"
"Bandana (Audio Slide)",102157,5327,683,"5.21","0.67","✅ RECOMMENDED - Should Make Video"
"Mina Mino Sin (Shatta Music) Audio",177774,7747,943,"4.36","0.53","✅ RECOMMENDED - Should Make Video"
"Team A (Shatta Music) Audio",108417,4450,420,"4.10","0.39","✅ RECOMMENDED - Should Make Video"
"Bless Me (Audio Slide)",118211,4781,698,"4.04","0.59","✅ RECOMMENDED - Should Make Video"
"Sacrifice (Audio Slide)",107684,5386,620,"5.00","0.58","✅ RECOMMENDED - Should Make Video"
"What Deh Sup (Shatta Music) Audio",114814,5298,723,"4.61","0.63","✅ RECOMMENDED - Should Make Video"
"Azaa Ft. Ypee (Audio Slide)",107288,6338,649,"5.91","0.60","✅ RECOMMENDED - Should Make Video"
"Cold Store (Audio Slide)",174002,7846,926,"4.51","0.53","✅ RECOMMENDED - Should Make Video"
"Nobody Bigger Than God (Audio Slide)",102200,4776,494,"4.67","0.48","✅ RECOMMENDED - Should Make Video"
"Shw3 (Audio Slide)",188280,7829,1472,"4.16","0.78","✅ RECOMMENDED - Should Make Video"
"Knockout (Audio Slide)",174905,7823,788,"4.47","0.45","✅ RECOMMENDED - Should Make Video"
"Dem Dead (Audio Slide)",112819,5848,991,"5.18","0.88","✅ RECOMMENDED - Should Make Video"
"Shuru (Audio Slide)",135718,5434,702,"4.00","0.52","✅ RECOMMENDED - Should Make Video"
"When I Bore (Official Audio)",221567,9658,1266,"4.36","0.57","✅ RECOMMENDED - Should Make Video"
"Hustle Go Pay (Audio Slide)",117979,6333,823,"5.37","0.70","✅ RECOMMENDED - Should Make Video"
"Lonely Victory (Audio Slide)",119826,7226,1043,"6.03","0.87","✅ RECOMMENDED - Should Make Video"
"Fada Violate (Official Audio)",209804,8529,840,"4.07","0.40","✅ RECOMMENDED - Should Make Video"
"The Ban (Pantang) [Audio Slide]",103210,4609,452,"4.47","0.44","✅ RECOMMENDED - Should Make Video"
"Take Am (Audio Slide)",106299,5687,714,"5.35","0.67","✅ RECOMMENDED - Should Make Video"
"Stone (Audio Slide)",195645,7903,1274,"4.04","0.65","✅ RECOMMENDED - Should Make Video"
"Prodigal Son (Audio Slide)",208303,8482,1215,"4.07","0.58","✅ RECOMMENDED - Should Make Video"
"Fame (Audio Slide)",241373,10378,2401,"4.30","0.99","✅ RECOMMENDED - Should Make Video"
"I Pray (Audio Slide)",118071,5116,473,"4.33","0.40","✅ RECOMMENDED - Should Make Video"
"Tears Ina Mi Eye. T.I.M.E (Audio Slide)",129810,8584,1175,"6.61","0.91","✅ RECOMMENDED - Should Make Video"
"Taking Over (Remix) Ft. DJ Vyrusky (Audio Slide)",111523,5241,279,"4.70","0.25","✅ RECOMMENDED - Should Make Video"
"Who Am I (Audio Slide)",112173,7652,1223,"6.82","1.09","✅ RECOMMENDED - Should Make Video"
"Betting Tax (Audio Slide)",103760,6381,840,"6.15","0.81","✅ RECOMMENDED - Should Make Video"
"Shatta Montez (Audio Slide)",108472,5332,598,"4.92","0.55","✅ RECOMMENDED - Should Make Video"
"Your Rights (Audio Slide)",126781,6669,1276,"5.26","1.01","✅ RECOMMENDED - Should Make Video"
"Ragga Ragga (Audio Slide)",102752,5493,721,"5.35","0.70","✅ RECOMMENDED - Should Make Video"
"Hunter (Audio Slide)",160726,8839,1151,"5.50","0.72","✅ RECOMMENDED - Should Make Video"
"Kill Fi Fun (Audio Slide)",189312,7711,1384,"4.07","0.73","✅ RECOMMENDED - Should Make Video"
"So Real ,So Me (Audio Slide)",110738,6754,1017,"6.10","0.92","✅ RECOMMENDED - Should Make Video"
"Fapimso (Audio Slide)",158880,6515,809,"4.10","0.51","✅ RECOMMENDED - Should Make Video"
"Sleepless Night (Audio Slide)",102973,4711,918,"4.57","0.89","✅ RECOMMENDED - Should Make Video"
"Infinity [Michy Birthday] (Audio Slide)",169515,7323,859,"4.32","0.51","✅ RECOMMENDED - Should Make Video"
"Where I Come From (Audio Slide)",109005,5304,563,"4.87","0.52","✅ RECOMMENDED - Should Make Video"
"Differen Star?? (Audio Slide)",123663,5516,754,"4.46","0.61","✅ RECOMMENDED - Should Make Video"
"Don’T Call Mom (Audio Slide)",152226,7373,977,"4.84","0.64","✅ RECOMMENDED - Should Make Video"
"Shoe Shu Lin (Audio Slide)",102221,4712,702,"4.61","0.69","✅ RECOMMENDED - Should Make Video"
"2023 (Audio Slide)",126082,5646,630,"4.48","0.50","✅ RECOMMENDED - Should Make Video"
"Unicorn (Audio Slide)",108663,4524,630,"4.16","0.58","✅ RECOMMENDED - Should Make Video"
"Who Tell You? (Audio Slide)",179649,7521,1048,"4.19","0.58","✅ RECOMMENDED - Should Make Video"
"Violence (Audio Slide) Ghana Way ???? ??????????",118844,5688,910,"4.79","0.77","✅ RECOMMENDED - Should Make Video"
"1957 (Audio Slide)",172074,8230,929,"4.78","0.54","✅ RECOMMENDED - Should Make Video"
"Stay Focus",189832,9142,1095,"4.82","0.58","✅ RECOMMENDED - Should Make Video"
"Real (Audio Slide)",121288,6343,948,"5.23","0.78","✅ RECOMMENDED - Should Make Video"
"Kumerica (Audio Slide)",168952,8701,982,"5.15","0.58","✅ RECOMMENDED - Should Make Video"
"Which Gad (Audio Slide)",109749,7924,1694,"7.22","1.54","✅ RECOMMENDED - Should Make Video"
"Who Send You (Audio Slide)",105002,5282,895,"5.03","0.85","✅ RECOMMENDED - Should Make Video"
"2026 (Audio Slide)",180691,10994,1950,"6.08","1.08","✅ RECOMMENDED - Should Make Video"
"2024 (Shattamusic) Audio",105095,5657,807,"5.38","0.77","✅ RECOMMENDED - Should Make Video"
"Trackers Minds (Audio Slide)",119556,6860,1033,"5.74","0.86","✅ RECOMMENDED - Should Make Video"
"Kill And Gone (Audio Slide)",145921,6978,1213,"4.78","0.83","✅ RECOMMENDED - Should Make Video"
"Badman (Audio Slide) #Dancehall",119045,5672,781,"4.76","0.66","✅ RECOMMENDED - Should Make Video"
"So Many Years(Shattamusic) Audio",127489,6462,831,"5.07","0.65","✅ RECOMMENDED - Should Make Video"
"I Am Made In Ghana (Audio Slide)",130537,6507,880,"4.98","0.67","✅ RECOMMENDED - Should Make Video"
"Mayaa Tra [Been There Done That] Ft. Pope Skinny (Audio Slide)",40653,437,54,"1.07","0.13","⏸️ LOW PRIORITY - Not Ready"
"Open N Close (Audio Slide)",42545,622,37,"1.46","0.09","⏸️ LOW PRIORITY - Not Ready"
"Regular (Audio Slide)",38956,3049,425,"7.83","1.09","⏸️ LOW PRIORITY - Not Ready"
"Kasoa (Audio Slide)",18574,302,28,"1.63","0.15","⏸️ LOW PRIORITY - Not Ready"
"Life Changer (Audio Slide)",19531,235,14,"1.20","0.07","⏸️ LOW PRIORITY - Not Ready"
"You Chop? (Audio Slide)",34285,520,30,"1.52","0.09","⏸️ LOW PRIORITY - Not Ready"
"Aliko Dangote (Audio Slide)",20230,398,12,"1.97","0.06","⏸️ LOW PRIORITY - Not Ready"
"Ghetto Star Ft. Addi Self (Audio Slide)",19125,369,23,"1.93","0.12","⏸️ LOW PRIORITY - Not Ready"
"Omg (Audio Slide)",17182,217,17,"1.26","0.10","⏸️ LOW PRIORITY - Not Ready"
"Saturday Nite (Audio Slide)",5137,90,12,"1.75","0.23","⏸️ LOW PRIORITY - Not Ready"
"The Order (Audio Slide)",27764,557,45,"2.01","0.16","⏸️ LOW PRIORITY - Not Ready"
"London City (Audio Slide)",41482,2609,247,"6.29","0.60","⏸️ LOW PRIORITY - Not Ready"
"Shatta Police (Audio Slide)",45907,456,20,"0.99","0.04","⏸️ LOW PRIORITY - Not Ready"
"So Sad (Audio Slide)",34156,639,55,"1.87","0.16","⏸️ LOW PRIORITY - Not Ready"
"Shatta Wale – Lip Service (Audio Slide)",16137,226,20,"1.40","0.12","⏸️ LOW PRIORITY - Not Ready"
"Shatta Wale I Climbed , I Rose Audio Slide",46336,3291,396,"7.10","0.85","⏸️ LOW PRIORITY - Not Ready"
"Real Badman [Death Warrant Riddim] (Audio Slide)",21880,431,39,"1.97","0.18","⏸️ LOW PRIORITY - Not Ready"
"Man Of The Year (Audio Slide)",11105,206,26,"1.86","0.23","⏸️ LOW PRIORITY - Not Ready"
"Shatta Wale X Sarkodie - Ghetto Youth (Audio Slide)",17861,268,19,"1.50","0.11","⏸️ LOW PRIORITY - Not Ready"
"Shatta Wale – Evil Ft. Shatta Michy (Audio Slide)",44137,436,33,"0.99","0.07","⏸️ LOW PRIORITY - Not Ready"
"Shatta Wale – Run Dem Mouth (Audio Slide)",7905,139,9,"1.76","0.11","⏸️ LOW PRIORITY - Not Ready"
"Shatta Wale – Mechanism (Audio Slide)",7967,102,4,"1.28","0.05","⏸️ LOW PRIORITY - Not Ready"
"Shatta Wale – Who Win (Audio Slide)",12516,226,11,"1.81","0.09","⏸️ LOW PRIORITY - Not Ready"
"Shatta Wale – Kokooyi [Scary] (Audio Slide)",9033,123,15,"1.36","0.17","⏸️ LOW PRIORITY - Not Ready"
"Corner Girl (Audio Slide)",12737,178,19,"1.40","0.15","⏸️ LOW PRIORITY - Not Ready"
"Shatta Wale – Planner (Audio Slide)",6467,116,15,"1.79","0.23","⏸️ LOW PRIORITY - Not Ready"
"Dem Never Bad (Audio Slide)",15760,250,14,"1.59","0.09","⏸️ LOW PRIORITY - Not Ready"
"Salala Nigga Ft. Pope Skinny (Audio Slide)",23053,299,25,"1.30","0.11","⏸️ LOW PRIORITY - Not Ready"
"Battyman Play (Audio Slide)",8786,162,15,"1.84","0.17","⏸️ LOW PRIORITY - Not Ready"
"Walk Pon Dem (Audio Slide)",25428,1876,152,"7.38","0.60","⏸️ LOW PRIORITY - Not Ready"
"Shatta Wale – Sm Gad (Audio Slide)",25636,1067,126,"4.16","0.49","⏸️ LOW PRIORITY - Not Ready"
"Sm Girls & Boys (Audio Slide)",10974,287,28,"2.62","0.26","⏸️ LOW PRIORITY - Not Ready"
"Hear We Out (Audio Slide)",29028,780,61,"2.69","0.21","⏸️ LOW PRIORITY - Not Ready"
"Gunshot (Audio Slide)",9098,101,5,"1.11","0.05","⏸️ LOW PRIORITY - Not Ready"
"Shatta Wale – Don’T You Want It (Audio Slide)",5230,159,10,"3.04","0.19","⏸️ LOW PRIORITY - Not Ready"
"Shatta Wale – Freemason (Audio Slide)",12913,267,23,"2.07","0.18","⏸️ LOW PRIORITY - Not Ready"
"Never Sleep (Audio Slide)",24900,1880,165,"7.55","0.66","⏸️ LOW PRIORITY - Not Ready"
"Pussy Mad (Audio Slide)",17974,189,11,"1.05","0.06","⏸️ LOW PRIORITY - Not Ready"
"Shatta Wale – Come Ova (Audio Slide)",4823,109,7,"2.26","0.15","⏸️ LOW PRIORITY - Not Ready"
"Don'T Be Silly (Audio Slide)",8125,219,16,"2.70","0.20","⏸️ LOW PRIORITY - Not Ready"
"Shatta Wale – Happy Birthday (Audio Slide)",31557,334,10,"1.06","0.03","⏸️ LOW PRIORITY - Not Ready"
"Pussy Tighter (Audio Slide)",14901,209,17,"1.40","0.11","⏸️ LOW PRIORITY - Not Ready"
"Everywhere Wi A Party (Audio Slide)",4133,72,5,"1.74","0.12","⏸️ LOW PRIORITY - Not Ready"
"Mr No Nonsense (Audio Slide)",9405,218,14,"2.32","0.15","⏸️ LOW PRIORITY - Not Ready"
"Shatta Wale – Fe Di Money (Audio Slide)",7201,152,13,"2.11","0.18","⏸️ LOW PRIORITY - Not Ready"
"Fe Di Paypa (Audio Slide)",21612,463,29,"2.14","0.13","⏸️ LOW PRIORITY - Not Ready"
"Aroma (Audio Slide)",4656,84,5,"1.80","0.11","⏸️ LOW PRIORITY - Not Ready"
"Am Da One (Audio Slide)",5813,125,6,"2.15","0.10","⏸️ LOW PRIORITY - Not Ready"
"Rasta Dub (Audio Slide)",7148,189,12,"2.64","0.17","⏸️ LOW PRIORITY - Not Ready"
"Ice Cream Shop [Explicit] (Audio Slide)",9733,263,28,"2.70","0.29","⏸️ LOW PRIORITY - Not Ready"
"Mi Rich (Audio Slide)",11356,151,16,"1.33","0.14","⏸️ LOW PRIORITY - Not Ready"
"Shatta Wale – Some Friend Dem (Audio Slide)",37757,746,71,"1.98","0.19","⏸️ LOW PRIORITY - Not Ready"
"Mina Mino Boys (Audio Slide)",25796,1966,125,"7.62","0.48","⏸️ LOW PRIORITY - Not Ready"
"Stinky Mouth (Audio Slide)",49249,1037,107,"2.11","0.22","⏸️ LOW PRIORITY - Not Ready"
"On Dem (Audio Slide)",16450,566,54,"3.44","0.33","⏸️ LOW PRIORITY - Not Ready"
"Throw Back Ft. Joint 77 (Audio Slide)",5312,120,9,"2.26","0.17","⏸️ LOW PRIORITY - Not Ready"
"Do Tingz Right (Audio Slide)",25594,391,48,"1.53","0.19","⏸️ LOW PRIORITY - Not Ready"
"Shatta Wale – Do Road (Audio Slide)",16787,321,25,"1.91","0.15","⏸️ LOW PRIORITY - Not Ready"
"Maza Maza (Audio Slide)",4846,79,5,"1.63","0.10","⏸️ LOW PRIORITY - Not Ready"
"Winner Stay (Audio Slide)",22154,294,25,"1.33","0.11","⏸️ LOW PRIORITY - Not Ready"
"Akwei Daawa [Got Money] (Audio Slide)",3278,45,1,"1.37","0.03","⏸️ LOW PRIORITY - Not Ready"
"Shatta Wale – Papa Twitter [Samini Reply] (Audio Slide)",10787,213,19,"1.97","0.18","⏸️ LOW PRIORITY - Not Ready"
"Rise My Gun (Audio Slide)",8878,191,24,"2.15","0.27","⏸️ LOW PRIORITY - Not Ready"
"Ejuma No Esi [Samini Diss] (Audio Slide)",8327,202,9,"2.43","0.11","⏸️ LOW PRIORITY - Not Ready"
"Gh One Fuck You (Audio Slide)",23056,620,41,"2.69","0.18","⏸️ LOW PRIORITY - Not Ready"
"Dem No Fit Wait (Audio Slide)",29317,1811,160,"6.18","0.55","⏸️ LOW PRIORITY - Not Ready"
"That’S My People (Audio Slide)",40326,2297,199,"5.70","0.49","⏸️ LOW PRIORITY - Not Ready"
"For Where (Audio Slide)",41946,2560,166,"6.10","0.40","⏸️ LOW PRIORITY - Not Ready"
"World Champion (Audio Slide)",9938,219,13,"2.20","0.13","⏸️ LOW PRIORITY - Not Ready"
"Don’T Go There (Audio Slide)",8119,114,6,"1.40","0.07","⏸️ LOW PRIORITY - Not Ready"
"Fuufuu Kwa [Mouth Mouth] (Audio Slide)",26345,446,44,"1.69","0.17","⏸️ LOW PRIORITY - Not Ready"
"Shatta Wale – Bad Ft. Rock Steady (Audio Slide)",11334,224,11,"1.98","0.10","⏸️ LOW PRIORITY - Not Ready"
"Gi Mi Ft. Ara B & Joint 77 (Audio Slide)",7402,131,8,"1.77","0.11","⏸️ LOW PRIORITY - Not Ready"
"Message Of Sympathy (Audio Slide)",28007,228,16,"0.81","0.06","⏸️ LOW PRIORITY - Not Ready"
"Shatta Wale – Dem Don'T Know Mi (Audio Slide)",41095,1016,77,"2.47","0.19","⏸️ LOW PRIORITY - Not Ready"
"Shatta Wale – Go Mingle Ft. Flowking Stone (Audio Slide)",9106,175,7,"1.92","0.08","⏸️ LOW PRIORITY - Not Ready"
"Tsoobi [Doll] (Audio Slide)",8674,166,11,"1.91","0.13","⏸️ LOW PRIORITY - Not Ready"
"Shatta Wale – Buss Dem Throat (Audio Slide)",5868,154,7,"2.62","0.12","⏸️ LOW PRIORITY - Not Ready"
"By Force (Audio Slide)",23590,389,19,"1.65","0.08","⏸️ LOW PRIORITY - Not Ready"
"Zinabu (Audio Slide)",48166,549,29,"1.14","0.06","⏸️ LOW PRIORITY - Not Ready"
"The Man (Audio Slide)",7550,216,20,"2.86","0.26","⏸️ LOW PRIORITY - Not Ready"
"Your Culture (Audio Slide)",12988,274,33,"2.11","0.25","⏸️ LOW PRIORITY - Not Ready"
"Blogger (Audio Slide)",7259,144,4,"1.98","0.06","⏸️ LOW PRIORITY - Not Ready"
"Our Names (Audio Slide)",5544,121,16,"2.18","0.29","⏸️ LOW PRIORITY - Not Ready"
"Ends Meat (Audio Slide)",45280,3322,482,"7.34","1.06","⏸️ LOW PRIORITY - Not Ready"
"Likkle Time (Audio Slide)",4674,93,8,"1.99","0.17","⏸️ LOW PRIORITY - Not Ready"
"Shatta Wale – Luv Mi Suh Ft. Addi Self (Audio Slide)",13866,271,15,"1.95","0.11","⏸️ LOW PRIORITY - Not Ready"
"Prove You Wrong [Reply To Charter House] (Audio Slide)",16086,211,12,"1.31","0.07","⏸️ LOW PRIORITY - Not Ready"
"Gal Wuk It (Audio Slide)",3557,48,4,"1.35","0.11","⏸️ LOW PRIORITY - Not Ready"
"Shorty Wan Go (Audio Slide)",6435,112,10,"1.74","0.16","⏸️ LOW PRIORITY - Not Ready"
"Don'T Hate Mi (Audio Slide)",12201,225,12,"1.84","0.10","⏸️ LOW PRIORITY - Not Ready"
"I Won'T Be A Broke Nigga (Audio Slide)",4462,75,6,"1.68","0.13","⏸️ LOW PRIORITY - Not Ready"
"Grade 1 (Audio Slide)",45512,3049,409,"6.70","0.90","⏸️ LOW PRIORITY - Not Ready"
"Bun Badmind (Audio Slide)",5402,102,7,"1.89","0.13","⏸️ LOW PRIORITY - Not Ready"
"Psy Go Gaga (Audio Slide)",10113,81,3,"0.80","0.03","⏸️ LOW PRIORITY - Not Ready"
"I Like You (Audio Slide)",2789,34,3,"1.22","0.11","⏸️ LOW PRIORITY - Not Ready"
"Pretty Body (Audio Slide)",3279,46,4,"1.40","0.12","⏸️ LOW PRIORITY - Not Ready"
"More Cash (Audio Slide)",2210,56,2,"2.53","0.09","⏸️ LOW PRIORITY - Not Ready"
"Speed Up (Audio Slide)",3782,61,3,"1.61","0.08","⏸️ LOW PRIORITY - Not Ready"
"State Burial (Audio Slide)",10023,182,14,"1.82","0.14","⏸️ LOW PRIORITY - Not Ready"
"Pon Dem Face Real Fakers (Audio Slide)",6118,84,2,"1.37","0.03","⏸️ LOW PRIORITY - Not Ready"
"Police And Ghetto (Audio Slide)",16622,317,31,"1.91","0.19","⏸️ LOW PRIORITY - Not Ready"
"Dem Sell Out (Audio Slide)",7081,115,8,"1.62","0.11","⏸️ LOW PRIORITY - Not Ready"
"Nuh Give Up (Audio Slide)",10128,266,14,"2.63","0.14","⏸️ LOW PRIORITY - Not Ready"
"Higher Learning [Explicit] (Audio Slide)",6618,126,7,"1.90","0.11","⏸️ LOW PRIORITY - Not Ready"
"M.A.A.L.I (Dancehall Album Track List)",38008,2777,176,"7.31","0.46","⏸️ LOW PRIORITY - Not Ready"
"Baddy Bang (Audio Slide)",22639,237,5,"1.05","0.02","⏸️ LOW PRIORITY - Not Ready"
"Foolishness (Audio Slide) #Shattamusic",49945,3293,422,"6.59","0.84","⏸️ LOW PRIORITY - Not Ready"
"Clean Gyal (Audio Slide)",4280,79,13,"1.85","0.30","⏸️ LOW PRIORITY - Not Ready"
"Corolla S (Audio Slide)",4646,81,10,"1.74","0.22","⏸️ LOW PRIORITY - Not Ready"
"You Wan It (Audio Slide)",2930,53,3,"1.81","0.10","⏸️ LOW PRIORITY - Not Ready"
"Caan Take Me Out (Audio Slide)",7528,120,10,"1.59","0.13","⏸️ LOW PRIORITY - Not Ready"
"Mi Tell Dem Again (Audio Slide)",12796,286,13,"2.24","0.10","⏸️ LOW PRIORITY - Not Ready"
"Ukwu (Audio Slide)",15148,268,20,"1.77","0.13","⏸️ LOW PRIORITY - Not Ready"
"Fa Wo Wor Mi (Audio Slide)",4502,82,7,"1.82","0.16","⏸️ LOW PRIORITY - Not Ready"
"Bandana [Shatta Wale] - One Girl (Audio Slide)",21785,307,29,"1.41","0.13","⏸️ LOW PRIORITY - Not Ready"
"Everybody Likes My Tin (Audio Slide)",6945,77,3,"1.11","0.04","⏸️ LOW PRIORITY - Not Ready"
"Nuh Fear Dem (Audio Slide)",11791,154,6,"1.31","0.05","⏸️ LOW PRIORITY - Not Ready"
"What You Want (Audio Slide)",35804,227,6,"0.63","0.02","⏸️ LOW PRIORITY - Not Ready"
"Kakai (Audio Slide)",36768,280,11,"0.76","0.03","⏸️ LOW PRIORITY - Not Ready"
"Bie Gya [Radio Version] (Audio Slide)",9059,62,1,"0.68","0.01","⏸️ LOW PRIORITY - Not Ready"
"Am Ok (Audio Slide)",45617,454,38,"1.00","0.08","⏸️ LOW PRIORITY - Not Ready"
"Reality (Audio Slide)",17428,141,10,"0.81","0.06","⏸️ LOW PRIORITY - Not Ready"
"Chairman (Audio Slide)",32196,330,16,"1.02","0.05","⏸️ LOW PRIORITY - Not Ready"
"Champion (Audio Slide)",44285,430,29,"0.97","0.07","⏸️ LOW PRIORITY - Not Ready"
"Dancehall King (Audio Slide)",39093,264,12,"0.68","0.03","⏸️ LOW PRIORITY - Not Ready"
"Lock The City (Audio Slide)",34911,445,25,"1.27","0.07","⏸️ LOW PRIORITY - Not Ready"
"Hol' It (Audio Slide)",39546,423,28,"1.07","0.07","⏸️ LOW PRIORITY - Not Ready"
"Range Rover (Audio Slide)",28851,362,21,"1.25","0.07","⏸️ LOW PRIORITY - Not Ready"
"Too Much Chemikal (Audio Slide)",34422,382,18,"1.11","0.05","⏸️ LOW PRIORITY - Not Ready"
"Akwei Daawa (Got Money) [Audio Slide]",31386,608,28,"1.94","0.09","⏸️ LOW PRIORITY - Not Ready"
"Stamina (Audio Slide)",12936,212,9,"1.64","0.07","⏸️ LOW PRIORITY - Not Ready"
"Shatta Wale – Dem Fraid (Audio Slide)",8564,211,16,"2.46","0.19","⏸️ LOW PRIORITY - Not Ready"
"Shatta Wale – Pree Mi Era (Audio Slide)",6864,182,15,"2.65","0.22","⏸️ LOW PRIORITY - Not Ready"
"Shatta Wale – Run (Audio Slide)",4644,85,16,"1.83","0.34","⏸️ LOW PRIORITY - Not Ready"
"Ghost (Audio Slide)",21763,525,54,"2.41","0.25","⏸️ LOW PRIORITY - Not Ready"
"Natty Lee - You Lied (Audio Slide)",13625,394,40,"2.89","0.29","⏸️ LOW PRIORITY - Not Ready"
"I Loud (Audio Slide)",39716,3031,402,"7.63","1.01","⏸️ LOW PRIORITY - Not Ready"
"Addi Self X Captan - Hater Bye (Audio Slide)",27389,924,143,"3.37","0.52","⏸️ LOW PRIORITY - Not Ready"
"Shatta Michy - Spend Di Money (Audio Slide)",26604,704,75,"2.65","0.28","⏸️ LOW PRIORITY - Not Ready"
"Teddy The Doll (Audio Slide)",40397,1758,235,"4.35","0.58","⏸️ LOW PRIORITY - Not Ready"
"Sika Y3D3 (Audio Slide)",44488,1197,132,"2.69","0.30","⏸️ LOW PRIORITY - Not Ready"
"Round 3 (Audio Slide)",39790,1234,149,"3.10","0.37","⏸️ LOW PRIORITY - Not Ready"
"Shatta Wale – Local Champion (Audio Slide)",30420,467,23,"1.54","0.08","⏸️ LOW PRIORITY - Not Ready"
"Natty Lee - Sexy Police (Audio Slide)",19590,448,50,"2.29","0.26","⏸️ LOW PRIORITY - Not Ready"
"Deestar [Duke D2] - God Of Favor (Audio Slide)",6508,218,24,"3.35","0.37","⏸️ LOW PRIORITY - Not Ready"
"Addi Self - Future Picture (Audio Slide)",31938,1202,171,"3.76","0.54","⏸️ LOW PRIORITY - Not Ready"
"Captan - By The Lead (Audio Slide)",22867,834,132,"3.65","0.58","⏸️ LOW PRIORITY - Not Ready"
"Man Like Me [Holocaust Riddim] (Audio Slide)",34914,762,105,"2.18","0.30","⏸️ LOW PRIORITY - Not Ready"
"Chocolate Love (Audio Slide)",36357,837,74,"2.30","0.20","⏸️ LOW PRIORITY - Not Ready"
"Cash Life (Audio Slide)",34456,848,93,"2.46","0.27","⏸️ LOW PRIORITY - Not Ready"
"Joint 77 - Slay Queen (Audio Slide)",24550,1029,115,"4.19","0.47","⏸️ LOW PRIORITY - Not Ready"
"Addi Self - Born Bard (Audio Slide)",22451,740,108,"3.30","0.48","⏸️ LOW PRIORITY - Not Ready"
"Save Me (Audio Slide)",45640,2542,291,"5.57","0.64","⏸️ LOW PRIORITY - Not Ready"
"Nepa (Official Audio)",39953,1364,187,"3.41","0.47","⏸️ LOW PRIORITY - Not Ready"
"Campaign (Official Audio)",34847,1256,220,"3.60","0.63","⏸️ LOW PRIORITY - Not Ready"
"Captan - Two Sure (Official Audio)",25544,1138,100,"4.46","0.39","⏸️ LOW PRIORITY - Not Ready"
"419 (Audio Slide)",47266,792,126,"1.68","0.27","⏸️ LOW PRIORITY - Not Ready"
"Economy (Audio Slide)",43664,851,98,"1.95","0.22","⏸️ LOW PRIORITY - Not Ready"
"Money Matters Ft. Dammy Krane (Audio Slide)",48616,919,143,"1.89","0.29","⏸️ LOW PRIORITY - Not Ready"
"Natty Lee - Olympics (Audio Slide)",36312,1696,230,"4.67","0.63","⏸️ LOW PRIORITY - Not Ready"
"Addi Self - Diana (Audio Slide)",17871,465,51,"2.60","0.29","⏸️ LOW PRIORITY - Not Ready"
"Addi Self - Trust Your Love (Audio Slide)",37483,2048,239,"5.46","0.64","⏸️ LOW PRIORITY - Not Ready"
"Captan - Overdose (Audio Slide)",39695,2611,294,"6.58","0.74","⏸️ LOW PRIORITY - Not Ready"
"Joint 77 - Front Page (Audio Slide)",30693,1742,234,"5.68","0.76","⏸️ LOW PRIORITY - Not Ready"
"Addi Self X Captan X Natty Lee - Boss Wife (Audio Slide)",47121,2044,187,"4.34","0.40","⏸️ LOW PRIORITY - Not Ready"
"Sm Assasin (Audio Slide)",49261,2258,213,"4.58","0.43","⏸️ LOW PRIORITY - Not Ready"
"Duke D2 - Something Ft. Ahkan (Ruff N Smooth)",10380,201,14,"1.94","0.13","⏸️ LOW PRIORITY - Not Ready"
"Letter To Sarkodie (Audio Slide)",7037,151,14,"2.15","0.20","⏸️ LOW PRIORITY - Not Ready"
"Save Her Heart (Audio Slide)",19162,1054,119,"5.50","0.62","⏸️ LOW PRIORITY - Not Ready"
"Energy (Audio Slide)",42834,2906,381,"6.78","0.89","⏸️ LOW PRIORITY - Not Ready"
"Natty Lee - Roman Father Ft. Shatta Wale (Audio Slide)",29308,631,47,"2.15","0.16","⏸️ LOW PRIORITY - Not Ready"
"Shatta Wale – Bedroom Toy Feat. Mimi (Audio Slide)",8647,166,14,"1.92","0.16","⏸️ LOW PRIORITY - Not Ready"
"Cough Cough (Teaser)",23560,1350,51,"5.73","0.22","⏸️ LOW PRIORITY - Not Ready"
"Shatta Wale – Commander Bush (Audio Slide)",46344,651,64,"1.40","0.14","⏸️ LOW PRIORITY - Not Ready"
"Shatta Wale – Libya (Audio Slide)",9855,208,20,"2.11","0.20","⏸️ LOW PRIORITY - Not Ready"
"Shatta Wale – Dancehall Landlord (Audio Slide)",9711,274,9,"2.82","0.09","⏸️ LOW PRIORITY - Not Ready"
"Warn Dem (Audio Slide)",6974,109,12,"1.56","0.17","⏸️ LOW PRIORITY - Not Ready"
"Inna Mi Corner (Popcaan Riddim) Ft. Addi Self, Captan & Rysto",49302,1036,87,"2.10","0.18","⏸️ LOW PRIORITY - Not Ready"
"April Fool (Audio Slide)",31824,2470,266,"7.76","0.84","⏸️ LOW PRIORITY - Not Ready"
"Big Toys (Audio Slide)",49387,2589,253,"5.24","0.51","⏸️ LOW PRIORITY - Not Ready"
"Korle Bu (Audio Slide)",17922,311,17,"1.74","0.09","⏸️ LOW PRIORITY - Not Ready"
"Rado Rado (Audio Slide)",23452,519,28,"2.21","0.12","⏸️ LOW PRIORITY - Not Ready"
"Handle It (Audio Slide)",14638,321,26,"2.19","0.18","⏸️ LOW PRIORITY - Not Ready"
"Diamond (Audio Slide)",8821,156,11,"1.77","0.12","⏸️ LOW PRIORITY - Not Ready"
"Star Bwoy (Audio Slide)",47556,519,21,"1.09","0.04","⏸️ LOW PRIORITY - Not Ready"
"Street Crown",48858,2187,290,"4.48","0.59","⏸️ LOW PRIORITY - Not Ready"
"Nobody Go Talk (Audio Slide)",21146,332,52,"1.57","0.25","⏸️ LOW PRIORITY - Not Ready"
"Bingo (Audio Slide)",16023,343,51,"2.14","0.32","⏸️ LOW PRIORITY - Not Ready"
"Never Plan For This (Audio Slide)",20904,315,32,"1.51","0.15","⏸️ LOW PRIORITY - Not Ready"
"My Frenz' In (Audio Slide)",14593,232,29,"1.59","0.20","⏸️ LOW PRIORITY - Not Ready"
"Feel So Stupid (Audio Slide)",12941,211,15,"1.63","0.12","⏸️ LOW PRIORITY - Not Ready"
"Shit Is Lit (Audio Slide)",20125,308,11,"1.53","0.05","⏸️ LOW PRIORITY - Not Ready"
"Grow Bad (Audio Slide)",33253,531,32,"1.60","0.10","⏸️ LOW PRIORITY - Not Ready"
"Stay Focused",20145,1240,140,"6.16","0.69","⏸️ LOW PRIORITY - Not Ready"
"Birthday Skit (Audio Slide)",13361,332,34,"2.48","0.25","⏸️ LOW PRIORITY - Not Ready"
"Show Me (Audio Slide)",19530,355,24,"1.82","0.12","⏸️ LOW PRIORITY - Not Ready"
"Captan - Don'T Complain (Audio Slide)",29707,549,20,"1.85","0.07","⏸️ LOW PRIORITY - Not Ready"
"Ashiaman (Audio Slide)",8770,221,7,"2.52","0.08","⏸️ LOW PRIORITY - Not Ready"
"Joint 77 - Otophista (Audio Slide)",9522,178,10,"1.87","0.11","⏸️ LOW PRIORITY - Not Ready"
"Mkportor Kportor [Mud] (Audio Slide)",26839,378,29,"1.41","0.11","⏸️ LOW PRIORITY - Not Ready"
"Affi Di Money [Training Wheel Riddim] (Audio Slide)",17661,329,47,"1.86","0.27","⏸️ LOW PRIORITY - Not Ready"
"If Its A Game (Audio Slide)",19866,320,31,"1.61","0.16","⏸️ LOW PRIORITY - Not Ready"
"Shatta Wale, Addi Self & Captan - Gangster Check Medley (Audio Slide)",28503,549,45,"1.93","0.16","⏸️ LOW PRIORITY - Not Ready"
"Shatta Wale X Mr Eazi - Haters (Audio Slide)",12635,255,12,"2.02","0.09","⏸️ LOW PRIORITY - Not Ready"
"Black Friday (Audio Slide)",16279,335,19,"2.06","0.12","⏸️ LOW PRIORITY - Not Ready"
"Fuck Sars (Audio Slide)",49661,3693,578,"7.44","1.16","⏸️ LOW PRIORITY - Not Ready"
"Addi Self - Today Too (Audio Slide)",11146,227,12,"2.04","0.11","⏸️ LOW PRIORITY - Not Ready"
"Brain Wire (Freestyle)",49558,3407,401,"6.87","0.81","⏸️ LOW PRIORITY - Not Ready"
"Hater Gone (Audio Slide)",22281,413,40,"1.85","0.18","⏸️ LOW PRIORITY - Not Ready"
"Must Get Rich (Audio Slide)",23229,434,38,"1.87","0.16","⏸️ LOW PRIORITY - Not Ready"
"F.U.Ck.I.N.G (Audio Slide)",30550,545,48,"1.78","0.16","⏸️ LOW PRIORITY - Not Ready"
"Stacks Pon Stacks",35907,2804,388,"7.81","1.08","⏸️ LOW PRIORITY - Not Ready"
"My Queen Ft. Aidonia (Audio Slide)",47798,1019,109,"2.13","0.23","⏸️ LOW PRIORITY - Not Ready"
"Forever Vibes (Audio Slide)",28792,2159,298,"7.50","1.04","⏸️ LOW PRIORITY - Not Ready"
"More Dan Dem ( Audio Slide)",31149,2244,287,"7.20","0.92","⏸️ LOW PRIORITY - Not Ready"
"Dance Baby [Savage Life Riddim] (Audio Slide)",24572,420,55,"1.71","0.22","⏸️ LOW PRIORITY - Not Ready"
"Bag A Money (Audio Slide)",27651,554,57,"2.00","0.21","⏸️ LOW PRIORITY - Not Ready"
"Tell Ya Man (Audio Slide)",47413,3086,338,"6.51","0.71","⏸️ LOW PRIORITY - Not Ready"
"4Lyf Mi Sey (Audio Slide)",34608,572,57,"1.65","0.16","⏸️ LOW PRIORITY - Not Ready"
"Shut Up Ft. Pope Skinny (Audio Slide)",49139,613,31,"1.25","0.06","⏸️ LOW PRIORITY - Not Ready"
"These Times (Audio Slide)",25674,489,43,"1.90","0.17","⏸️ LOW PRIORITY - Not Ready"
"Magazine Release (Audio Slide)",19124,374,55,"1.96","0.29","⏸️ LOW PRIORITY - Not Ready"
"Amu Na Nya [Fakers] (Audio Slide)",42314,2343,336,"5.54","0.79","⏸️ LOW PRIORITY - Not Ready"
"Check Your Balance (Audio Slide)",37969,2781,279,"7.32","0.73","⏸️ LOW PRIORITY - Not Ready"
"Shatta Wale X Ara-B - Hmmm Chale (Audio Slide)",40997,3119,472,"7.61","1.15","⏸️ LOW PRIORITY - Not Ready"
"Dancehall Girl (Explicit) [Audio Slide]",45919,744,76,"1.62","0.17","⏸️ LOW PRIORITY - Not Ready"
"It’S Raining (Audio Slide)",33059,2353,185,"7.12","0.56","⏸️ LOW PRIORITY - Not Ready"
"Car Race (Audio Slide)",41237,2469,212,"5.99","0.51","⏸️ LOW PRIORITY - Not Ready"
"Pussy Arrest (Audio Slide)",28487,268,20,"0.94","0.07","⏸️ LOW PRIORITY - Not Ready"
"Victoria Ft. Duke D2 (Audio Slide)",22561,330,15,"1.46","0.07","⏸️ LOW PRIORITY - Not Ready"
"Bleed N Run (Audio Slide)",27681,608,56,"2.20","0.20","⏸️ LOW PRIORITY - Not Ready"
"Stop Talk (Audio Slide)",25780,463,66,"1.80","0.26","⏸️ LOW PRIORITY - Not Ready"
"2Known (Audio Slide)",44590,2851,432,"6.39","0.97","⏸️ LOW PRIORITY - Not Ready"
"Pañia (Audio Slide)",44105,2986,395,"6.77","0.90","⏸️ LOW PRIORITY - Not Ready"
"My Guy (Audio Slide)",47398,609,43,"1.28","0.09","⏸️ LOW PRIORITY - Not Ready"
"Come Get Me (Audio Slide)",35376,516,40,"1.46","0.11","⏸️ LOW PRIORITY - Not Ready"
"Dancehall Commando Remix Ft. Sarkodie (Audio Slide)",35807,640,51,"1.79","0.14","⏸️ LOW PRIORITY - Not Ready"
"Free We (Audio Slides)",31741,772,102,"2.43","0.32","⏸️ LOW PRIORITY - Not Ready"
"You No Fit (Audio Slide )",41436,2578,331,"6.22","0.80","⏸️ LOW PRIORITY - Not Ready"
"Doto [Shut Up] (Audio Slide)",43888,2819,270,"6.42","0.62","⏸️ LOW PRIORITY - Not Ready"
"Paper (Audio Slide)",39434,508,45,"1.29","0.11","⏸️ LOW PRIORITY - Not Ready"
"Adwoa Ft. Pope Skinny (Audio Slides)",20910,181,26,"0.87","0.12","⏸️ LOW PRIORITY - Not Ready"
"Agradaa (Audio Slide)",48089,3103,379,"6.45","0.79","⏸️ LOW PRIORITY - Not Ready"
"Night Meetings (Audio Slide )",48274,3151,362,"6.53","0.75","⏸️ LOW PRIORITY - Not Ready"
"Spin (Audio Slide)",44655,3013,333,"6.75","0.75","⏸️ LOW PRIORITY - Not Ready"
"Your Docket (Audio Slide)",35550,2513,277,"7.07","0.78","⏸️ LOW PRIORITY - Not Ready"
"Warning (Audio Slide)",19790,239,6,"1.21","0.03","⏸️ LOW PRIORITY - Not Ready"
"Are You Ok? (Audio Slide)",46514,3043,426,"6.54","0.92","⏸️ LOW PRIORITY - Not Ready"
"Bra Wale (Audio Slide)",39608,2819,225,"7.12","0.57","⏸️ LOW PRIORITY - Not Ready"
"Grow Up (Audio Slide)",8300,235,19,"2.83","0.23","⏸️ LOW PRIORITY - Not Ready"
"No Faking Ft. Rudebwoy Ranking (Audio Slide)",32901,552,42,"1.68","0.13","⏸️ LOW PRIORITY - Not Ready"
"Drive By (Audio Slide)",38945,2736,351,"7.03","0.90","⏸️ LOW PRIORITY - Not Ready"
"I Run Ghana (Audio Slide)",33130,436,55,"1.32","0.17","⏸️ LOW PRIORITY - Not Ready"
