"title","platform_name","audio","likes"
"Ain'T Nobody","YouTube",1,26000
"Blessings Feat. Amerado (Official Audio)","YouTube",1,18325
"Jail Man (Audio Slide)","YouTube",1,17705
"On God (Audio Slide)","YouTube",1,16719
"Freedom (Audio Slide)","YouTube",1,16626
"Birthday (Official Audio)","YouTube",1,15397
"Only One Man (Audio Slide)","YouTube",1,12220
"J J C (Audio Slide)","YouTube",1,11300
"10. Shatta Wale X Vybz Kartel - Mansa Musa (Official Audio)","YouTube",1,11201
"Shoulder (Audio Slide)","YouTube",1,11025
